id,firstname,lastname,email,gender,name,password
1,Marquita,Tummasutti,mtummasutti0@vimeo.com,Female,mtummasutti0,woOnPV4jWO
2,Lorette,Howton,lhowton1@uol.com.br,Female,lhowton1,GQMt8Vj
3,Cirillo,Reasun,creasun2@zimbio.com,Male,creasun2,a4OHAB9HVQYv
4,Courtney,Rawood,crawood3@hostgator.com,Female,crawood3,HUhiTAI
5,Mill,Marlin,mmarlin4@skype.com,Male,mmarlin4,tc8sJ3U
6,Doroteya,Joyner,djoyner5@cafepress.com,Female,djoyner5,MnJbzJfhHH
7,Esdras,Davidsson,edavidsson6@example.com,Male,edavidsson6,mnTKuAaE5w
8,Joyan,Lassen,jlassen7@upenn.edu,Female,jlassen7,zeBX4s2VYVNG
9,Gustave,Anfonsi,ganfonsi8@sciencedaily.com,Male,ganfonsi8,CciGaU
10,Karlan,Dykins,kdykins9@github.com,Male,kdykins9,YOxz5Qe
11,Nickola,Cornick,ncornicka@geocities.jp,Male,ncornicka,YCd6H6
12,Sim,Dawdry,sdawdryb@uiuc.edu,Male,sdawdryb,KhAMaa9C
13,Dieter,Dedman,ddedmanc@diigo.com,Male,ddedmanc,sq4xyWFS
14,Everard,McMylor,emcmylord@shinystat.com,Male,emcmylord,XVbNoSRscXF0
15,Sergei,Wardhaugh,swardhaughe@va.gov,Male,swardhaughe,6EQLCWbyTA3r
16,Prince,Hoyt,phoytf@github.io,Male,phoytf,pX4SN6HC
17,Pall,Buckett,pbuckettg@cpanel.net,Male,pbuckettg,x1JxBA7QYy
18,Webster,MacCartair,wmaccartairh@smh.com.au,Male,wmaccartairh,dpOsS1f7n
19,Toddy,Dilloway,tdillowayi@fotki.com,Male,tdillowayi,b7Urbnrdto
20,Corrie,Klaaassen,cklaaassenj@yelp.com,Female,cklaaassenj,ml8VnHk
21,Brett,Stowte,bstowtek@sbwire.com,Male,bstowtek,ScvT7KncVK6x
22,Davine,Farnill,dfarnilll@bing.com,Female,dfarnilll,xvQGwbmIF3U
23,Noby,Bartolomivis,nbartolomivism@gmpg.org,Male,nbartolomivism,NaeUOETBP
24,Caritta,Taile,ctailen@phoca.cz,Female,ctailen,DMbbrHs
25,Elfie,Lamberto,elambertoo@barnesandnoble.com,Female,elambertoo,zYFx0UszFuj
26,Michele,Hrishanok,mhrishanokp@t.co,Female,mhrishanokp,VwkOYDhTg0
27,Ricoriki,Moffat,rmoffatq@pagesperso-orange.fr,Male,rmoffatq,M4yNHKQP2X
28,Rebeka,Ranscomb,rranscombr@yelp.com,Female,rranscombr,D0I3QS69dDve
29,Burnaby,Spare,bspares@wordpress.org,Male,bspares,m8HMOpEt
30,Cassius,Clunie,ccluniet@hud.gov,Male,ccluniet,O0Wcrzi1xFW
31,Joby,Beavers,jbeaversu@google.es,Female,jbeaversu,d2Jgjr
32,Abby,Winsborrow,awinsborrowv@usatoday.com,Male,awinsborrowv,WF6zPMKc
33,Rayshell,Commander,rcommanderw@pinterest.com,Female,rcommanderw,uigHv56TN
34,Ancell,Birchenough,abirchenoughx@blogger.com,Male,abirchenoughx,n41woHDr
35,Jodi,Doick,jdoicky@amazonaws.com,Female,jdoicky,HUqIM2wmBy
36,Judd,Croom,jcroomz@cargocollective.com,Male,jcroomz,e5iVM15HK6
37,Hobart,Tellenbroker,htellenbroker10@epa.gov,Male,htellenbroker10,7z0nLjFU8
38,Lorrin,Henrionot,lhenrionot11@nifty.com,Female,lhenrionot11,ZnwuecRaP2ly
39,Fan,Casse,fcasse12@sakura.ne.jp,Female,fcasse12,WaysayAB
40,Catherine,Greenly,cgreenly13@businessinsider.com,Female,cgreenly13,BotwiR
41,Stephana,Bentsen,sbentsen14@multiply.com,Female,sbentsen14,ftx6MF1FiggU
42,Tore,Croser,tcroser15@trellian.com,Male,tcroser15,cG0SqdTsHtf
43,Justen,Patillo,jpatillo16@usda.gov,Male,jpatillo16,TB1D2U
44,Noe,Rosario,nrosario17@dyndns.org,Male,nrosario17,8VFBEz
45,Carilyn,Destouche,cdestouche18@mashable.com,Female,cdestouche18,dGYEoiuK
46,Carly,Mazzeo,cmazzeo19@123-reg.co.uk,Male,cmazzeo19,BkOjWxT9
47,Thomasina,Zarfai,tzarfai1a@slideshare.net,Female,tzarfai1a,xEBSsdqAdcyn
48,Frannie,Cato,fcato1b@1und1.de,Male,fcato1b,tZwxNXCydi
49,Frants,Dallander,fdallander1c@amazon.co.uk,Male,fdallander1c,YtA9aq1gZl
50,Peri,Barradell,pbarradell1d@theatlantic.com,Female,pbarradell1d,Z1NyR6r
51,Joey,Taylder,jtaylder1e@youtu.be,Male,jtaylder1e,B3BeZsb
52,Olwen,Jewer,ojewer1f@redcross.org,Female,ojewer1f,Nuk2snJN
53,Inger,Pickthorne,ipickthorne1g@tmall.com,Female,ipickthorne1g,Z08Zfro
54,Chicky,Godwyn,cgodwyn1h@fotki.com,Female,cgodwyn1h,upHdvf7Sl6K
55,Tab,Prisk,tprisk1i@free.fr,Male,tprisk1i,2u5AAT9aI
56,Miner,Gorvin,mgorvin1j@nydailynews.com,Male,mgorvin1j,AG1jskEhV
57,Deanna,Putnam,dputnam1k@macromedia.com,Female,dputnam1k,0gwKFn8yPoSR
58,Holly,Cristofaro,hcristofaro1l@cpanel.net,Male,hcristofaro1l,WbEjROWvu
59,Clare,Silkston,csilkston1m@phpbb.com,Female,csilkston1m,lNCHHA
60,Kristen,Perrington,kperrington1n@diigo.com,Female,kperrington1n,8N2CgScEQ
61,Hew,Wycliffe,hwycliffe1o@gravatar.com,Male,hwycliffe1o,Od6xGsRuh
62,Paulette,Fechnie,pfechnie1p@flickr.com,Female,pfechnie1p,LCop16
63,Quinlan,Reedick,qreedick1q@dagondesign.com,Male,qreedick1q,UvPTlbkI
64,Morgan,Schruurs,mschruurs1r@mlb.com,Male,mschruurs1r,2qHjUIQ
65,Janessa,Bovaird,jbovaird1s@comcast.net,Female,jbovaird1s,uBncPvbw
66,Joice,Johnikin,jjohnikin1t@mediafire.com,Female,jjohnikin1t,XjqGcMEwgpt5
67,Terri,McGeechan,tmcgeechan1u@ihg.com,Male,tmcgeechan1u,OI6AhFf
68,Mela,Willbond,mwillbond1v@bravesites.com,Female,mwillbond1v,5TsvBrJM
69,Jacquette,Adolfsen,jadolfsen1w@geocities.com,Female,jadolfsen1w,gBBxaS55GOJl
70,Salvatore,Wallhead,swallhead1x@deliciousdays.com,Male,swallhead1x,IXm4ca0XQD1a
71,Vasili,Maykin,vmaykin1y@hhs.gov,Male,vmaykin1y,1HuqUc
72,Dwain,Kasting,dkasting1z@de.vu,Male,dkasting1z,xFZYulhs3OtI
73,Cosmo,Dielhenn,cdielhenn20@lycos.com,Male,cdielhenn20,ezzritLfb
74,Glori,Tenpenny,gtenpenny21@cam.ac.uk,Female,gtenpenny21,rXgRZ8til
75,Valma,Jouen,vjouen22@alibaba.com,Female,vjouen22,lkzixwAt
76,Rod,Ladbrooke,rladbrooke23@ox.ac.uk,Male,rladbrooke23,63fjlSE3FI
77,Giselbert,Truelock,gtruelock24@rambler.ru,Male,gtruelock24,nH6XDy
78,Wolfie,Sugden,wsugden25@multiply.com,Male,wsugden25,HoYCVZnd8
79,Florida,Matuszkiewicz,fmatuszkiewicz26@cornell.edu,Female,fmatuszkiewicz26,hb5YNjTdS4n
80,Taddeusz,Holdey,tholdey27@webs.com,Male,tholdey27,kmK6kSDQ
81,Shelia,Bateup,sbateup28@unesco.org,Female,sbateup28,K9X9KBZqh
82,Tracie,Kunze,tkunze29@china.com.cn,Male,tkunze29,nXo9uExr
83,Emerson,Pedder,epedder2a@hp.com,Male,epedder2a,qEpsF9lGsw
84,Drona,Bernardinelli,dbernardinelli2b@theatlantic.com,Female,dbernardinelli2b,opfYRiZYFj
85,Ronald,Lile,rlile2c@toplist.cz,Male,rlile2c,LeeMyUg5
86,Hulda,Seabourne,hseabourne2d@webeden.co.uk,Female,hseabourne2d,24UpWk
87,Nataniel,Seakes,nseakes2e@vkontakte.ru,Male,nseakes2e,eyMXvqGkf
88,Ricard,Castaneda,rcastaneda2f@mozilla.org,Male,rcastaneda2f,nkYjdMo1
89,Ivor,Kelso,ikelso2g@netvibes.com,Male,ikelso2g,CQcV4l2x
90,Sandy,Huffey,shuffey2h@multiply.com,Female,shuffey2h,sVWCjqF
91,Carey,Minger,cminger2i@utexas.edu,Female,cminger2i,vn0ArDLH
92,Dorine,Fewkes,dfewkes2j@paginegialle.it,Female,dfewkes2j,9HrU5hFgRT3
93,Donna,Paolucci,dpaolucci2k@elpais.com,Female,dpaolucci2k,ftP1yE7
94,Robers,McAviy,rmcaviy2l@google.com.au,Male,rmcaviy2l,KpTsXVPTcBqB
95,Starlene,Smythin,ssmythin2m@skyrock.com,Female,ssmythin2m,I8BgEK
96,Shir,Mattersley,smattersley2n@fotki.com,Female,smattersley2n,PmOPkwB
97,Benito,Cuerda,bcuerda2o@miitbeian.gov.cn,Male,bcuerda2o,3nhQ2nM4a
98,Lacee,Buesnel,lbuesnel2p@51.la,Female,lbuesnel2p,hoWqd1CaZ
99,Carolina,Stonall,cstonall2q@mail.ru,Female,cstonall2q,wegxgJib1Z8
100,Terrie,Towle,ttowle2r@mozilla.org,Female,ttowle2r,c4u109fW
101,Portia,Ades,pades2s@techcrunch.com,Female,pades2s,Wu5T9MfpZ
102,Galina,Grierson,ggrierson2t@yale.edu,Female,ggrierson2t,PKF6Vl
103,Granthem,Lukacs,glukacs2u@plala.or.jp,Male,glukacs2u,TwHDOJwqA
104,Pennie,Stansall,pstansall2v@amazonaws.com,Male,pstansall2v,x23LczSbQn
105,Jocelyne,Bony,jbony2w@cbsnews.com,Female,jbony2w,HVDahqg6Hxu
106,Livia,Nattrass,lnattrass2x@1und1.de,Female,lnattrass2x,My1JvF
107,Alfred,Dandie,adandie2y@prlog.org,Male,adandie2y,Bhw300hYmL
108,Meg,Kain,mkain2z@soup.io,Female,mkain2z,SCsKCPcJl
109,Madella,Nesby,mnesby30@blinklist.com,Female,mnesby30,srbmFFj89V
110,Isaiah,Jerisch,ijerisch31@skype.com,Male,ijerisch31,i52KbL
111,Lucina,Bullar,lbullar32@hostgator.com,Female,lbullar32,17UDQuawkSU8
112,Minni,Malthus,mmalthus33@liveinternet.ru,Female,mmalthus33,yzH2VmN
113,Myrvyn,Gaynesford,mgaynesford34@imdb.com,Male,mgaynesford34,TUSDFbz
114,Alanna,Ferronier,aferronier35@narod.ru,Female,aferronier35,rP9xwcnMO
115,Maure,Braffington,mbraffington36@php.net,Female,mbraffington36,cKlxcmFR7lW
116,Bill,De Domenici,bdedomenici37@nih.gov,Female,bdedomenici37,FP1wr0N
117,Thorsten,Plet,tplet38@gov.uk,Male,tplet38,cRitwoWGv
118,Margie,Marchello,mmarchello39@slideshare.net,Female,mmarchello39,8InwYe2pEvqU
119,Jordain,Cardno,jcardno3a@msu.edu,Female,jcardno3a,bhTiDPjbpL
120,Malanie,Van Der Weedenburg,mvanderweedenburg3b@ow.ly,Female,mvanderweedenburg3b,W2Vt6RnObf
121,Ernestus,Beausang,ebeausang3c@rambler.ru,Male,ebeausang3c,7scy2BjNK
122,Collette,Ruppert,cruppert3d@fema.gov,Female,cruppert3d,X2EFEo
123,Ebony,Banaszewski,ebanaszewski3e@go.com,Female,ebanaszewski3e,JbDXFHx9gzn
124,Michale,Jobb,mjobb3f@ftc.gov,Male,mjobb3f,XHv5L7OK
125,Lisle,Edgeson,ledgeson3g@deviantart.com,Male,ledgeson3g,Ncx6YyP
126,Barrie,Witterick,bwitterick3h@reverbnation.com,Female,bwitterick3h,4T9gBhITpFiR
127,Sophi,Dalziel,sdalziel3i@is.gd,Female,sdalziel3i,IUJlRQwRg1
128,Zsazsa,Drains,zdrains3j@alibaba.com,Female,zdrains3j,zDWlQUaoLff
129,Hal,Barham,hbarham3k@360.cn,Male,hbarham3k,rR8PCc3UihD
130,Shannah,Bednall,sbednall3l@seesaa.net,Female,sbednall3l,z7nIFU2
131,Jilleen,Hadkins,jhadkins3m@salon.com,Female,jhadkins3m,qpqQ4FIW
132,Stacey,Behrend,sbehrend3n@youtu.be,Female,sbehrend3n,Et1nNfb
133,Elvina,Lipprose,elipprose3o@unc.edu,Female,elipprose3o,BCmfLgg4v
134,Madeleine,Henrie,mhenrie3p@ucla.edu,Female,mhenrie3p,7dILwRIyXD
135,Cirilo,Bulstrode,cbulstrode3q@harvard.edu,Male,cbulstrode3q,vT5M7zbg
136,Reginald,Gott,rgott3r@ihg.com,Male,rgott3r,ivQkSaT82
137,Jany,Beaze,jbeaze3s@jimdo.com,Female,jbeaze3s,R83dKvTv6L
138,Fidela,Pember,fpember3t@hubpages.com,Female,fpember3t,IY33YD7QqGgc
139,Tammi,Sweedland,tsweedland3u@nature.com,Female,tsweedland3u,omXIU6M
140,Thomasina,Cannam,tcannam3v@twitter.com,Female,tcannam3v,Rbvm6D
141,Oliviero,Eliff,oeliff3w@prlog.org,Male,oeliff3w,GrJY6MMnqz
142,Clarence,Antognozzii,cantognozzii3x@ehow.com,Male,cantognozzii3x,liyqEt9Ope
143,Piper,Watkiss,pwatkiss3y@i2i.jp,Female,pwatkiss3y,fTzjd2zT
144,Roch,Rubinsky,rrubinsky3z@mlb.com,Female,rrubinsky3z,NGsRxmmfOx
145,Tillie,Rheubottom,trheubottom40@gnu.org,Female,trheubottom40,gsDpWOxtY0
146,Josie,Tugwell,jtugwell41@apple.com,Female,jtugwell41,bRKRKgxZ8du
147,Ibby,De Castri,idecastri42@blinklist.com,Female,idecastri42,3fazDVcRUL
148,Deck,Bremner,dbremner43@instagram.com,Male,dbremner43,tCMVmv3g
149,Cass,Billison,cbillison44@nyu.edu,Female,cbillison44,eX4Ra2yNHH7
150,Teddie,Losano,tlosano45@plala.or.jp,Female,tlosano45,j6FQoGJTg9
151,Halie,Durnell,hdurnell46@homestead.com,Female,hdurnell46,9VNNHWDt
152,Wallache,Edgar,wedgar47@newsvine.com,Male,wedgar47,ijprJV4PWf
153,Ethelin,Peebles,epeebles48@xrea.com,Female,epeebles48,lSyGja6tS
154,Gerardo,Glover,gglover49@dagondesign.com,Male,gglover49,OhokVvSM
155,Phillida,Nijssen,pnijssen4a@bing.com,Female,pnijssen4a,XWq5Rdb0
156,Alberta,Farnish,afarnish4b@usgs.gov,Female,afarnish4b,sqthMupsUy
157,Jo,Meffen,jmeffen4c@amazon.co.uk,Male,jmeffen4c,xF7Y8Qh440r
158,Edmon,Markson,emarkson4d@sciencedirect.com,Male,emarkson4d,jUH41QwBJ8s
159,Spencer,Mathet,smathet4e@mlb.com,Male,smathet4e,VoAzgeLftC1d
160,Amalle,Kelland,akelland4f@marketwatch.com,Female,akelland4f,AULEtcJ72M
161,Amelia,Fife,afife4g@studiopress.com,Female,afife4g,erQlY3f
162,Charlton,Wieprecht,cwieprecht4h@photobucket.com,Male,cwieprecht4h,9ZEia3MFU8
163,Evelina,Nolte,enolte4i@ucsd.edu,Female,enolte4i,vzfzwGxXvu5D
164,Joelynn,Sagerson,jsagerson4j@nps.gov,Female,jsagerson4j,RL7C50yQ5G
165,Kippy,Dunphie,kdunphie4k@google.pl,Female,kdunphie4k,1PEU7UKrW
166,Josselyn,Cockren,jcockren4l@foxnews.com,Female,jcockren4l,4gZbmqUXPg5Y
167,Casper,Donat,cdonat4m@wunderground.com,Male,cdonat4m,ZOetBtlt0qq
168,Joelly,Horrod,jhorrod4n@ehow.com,Female,jhorrod4n,j4l8UaZb
169,Timofei,Goodanew,tgoodanew4o@vimeo.com,Male,tgoodanew4o,56w9jn12S0Cb
170,Giuditta,Antonacci,gantonacci4p@goodreads.com,Female,gantonacci4p,YjvQjZNyA2zf
171,Sabina,Glede,sglede4q@wix.com,Female,sglede4q,Mw5LoAHY
172,Pennie,Scroyton,pscroyton4r@feedburner.com,Male,pscroyton4r,cKETBtQO
173,Keefe,Giorgetti,kgiorgetti4s@ask.com,Male,kgiorgetti4s,ZLIeBZcqp7zG
174,Hall,Harbisher,hharbisher4t@spiegel.de,Male,hharbisher4t,KKwEjEG9
175,Silas,Younglove,syounglove4u@theatlantic.com,Male,syounglove4u,sdwFoo
176,Mikey,Hairsine,mhairsine4v@yellowpages.com,Male,mhairsine4v,LolM4jRq
177,Barn,Roder,broder4w@economist.com,Male,broder4w,OFaITZj
178,Nerissa,Kellie,nkellie4x@hugedomains.com,Female,nkellie4x,kmgEEJajjj
179,Carlita,Byart,cbyart4y@adobe.com,Female,cbyart4y,AW1ioYhmY8Pi
180,Tedra,MacNeachtain,tmacneachtain4z@amazon.com,Female,tmacneachtain4z,eAY93r
181,Elfie,Nowell,enowell50@deliciousdays.com,Female,enowell50,AukVsgjmXr
182,Caressa,Battson,cbattson51@ameblo.jp,Female,cbattson51,WAPkKTNV
183,Devin,Summerrell,dsummerrell52@bizjournals.com,Male,dsummerrell52,Hv8raadvfKQ
184,Camey,Deedes,cdeedes53@ca.gov,Male,cdeedes53,3GJZaX2YzWn
185,Bealle,Tuke,btuke54@istockphoto.com,Male,btuke54,iTLBwsvYA
186,Nola,Bourne,nbourne55@vinaora.com,Female,nbourne55,L4USrj
187,Darell,Allkins,dallkins56@xing.com,Female,dallkins56,0oLOqLNaKhfs
188,Elysia,Wilcher,ewilcher57@addtoany.com,Female,ewilcher57,9wdJEZot0Drt
189,Tod,Carrett,tcarrett58@ox.ac.uk,Male,tcarrett58,JAzE24
190,Daisy,Turri,dturri59@csmonitor.com,Female,dturri59,XtNJs1hjzq3z
191,Vachel,Cawkwell,vcawkwell5a@pen.io,Male,vcawkwell5a,veh2vvLk
192,Nils,Treagust,ntreagust5b@networkadvertising.org,Male,ntreagust5b,ixa2lz
193,Boothe,Ickovic,bickovic5c@mtv.com,Male,bickovic5c,HX76dyYUSZ
194,Bruce,Ledington,bledington5d@java.com,Male,bledington5d,AtpVhlFE
195,Deb,Lamcken,dlamcken5e@about.com,Female,dlamcken5e,7ZwKnh2wbKeL
196,Arthur,Merit,amerit5f@foxnews.com,Male,amerit5f,5XFalVVQ3Os
197,Elroy,Gilyatt,egilyatt5g@ftc.gov,Male,egilyatt5g,446UAs
198,Amity,Rospars,arospars5h@webmd.com,Female,arospars5h,Z88vCEdgv
199,Colly,Playdon,cplaydon5i@stumbleupon.com,Female,cplaydon5i,OfJkYdgJ
200,Elizabet,McFetrich,emcfetrich5j@smugmug.com,Female,emcfetrich5j,pHeYkli0q
201,Arly,Bartrop,abartrop5k@over-blog.com,Female,abartrop5k,kKPtMhW
202,Hershel,Maultby,hmaultby5l@miibeian.gov.cn,Male,hmaultby5l,5YlliJ
203,Nedda,Lowthian,nlowthian5m@intel.com,Female,nlowthian5m,oTpkvx9
204,Evangelin,Piddle,epiddle5n@odnoklassniki.ru,Female,epiddle5n,elkQsBurgv
205,Randee,Mossbee,rmossbee5o@mozilla.org,Female,rmossbee5o,sqrHqdF1JEN
206,Grannie,Erskine,gerskine5p@craigslist.org,Male,gerskine5p,kpQZAwyXP
207,Kirby,Scolding,kscolding5q@oakley.com,Female,kscolding5q,zM1UQiVOrw5
208,Lane,Vineall,lvineall5r@utexas.edu,Male,lvineall5r,eUbf7LH
209,Henryetta,Eyton,heyton5s@flickr.com,Female,heyton5s,yUOF0vFTQch
210,Cassey,Bear,cbear5t@seesaa.net,Female,cbear5t,neohPQ4D
211,Karlis,Winfield,kwinfield5u@skype.com,Male,kwinfield5u,3HiDwtt
212,Carleen,Burnsall,cburnsall5v@comcast.net,Female,cburnsall5v,hoLil8knrub
213,Cullie,Scaysbrook,cscaysbrook5w@irs.gov,Male,cscaysbrook5w,7uOvhoTl
214,Boothe,Minchindon,bminchindon5x@dot.gov,Male,bminchindon5x,w6LrAx
215,Eric,Roycroft,eroycroft5y@blogtalkradio.com,Male,eroycroft5y,T6xwIFRCT
216,Chloe,Balleine,cballeine5z@jimdo.com,Female,cballeine5z,FD8mdXX4FdEt
217,Wolfgang,Suatt,wsuatt60@amazon.com,Male,wsuatt60,NVBm8UroSc4W
218,Gennie,Plumm,gplumm61@moonfruit.com,Female,gplumm61,6MZFGr0K
219,Fabian,Barlace,fbarlace62@plala.or.jp,Male,fbarlace62,uSXoeVl
220,Butch,Calleja,bcalleja63@sciencedaily.com,Male,bcalleja63,509NRTxVEoV
221,Isis,Dinkin,idinkin64@people.com.cn,Female,idinkin64,ysvx6X
222,Ollie,Duffree,oduffree65@blogtalkradio.com,Female,oduffree65,h34fCX
223,Chilton,Cofax,ccofax66@rakuten.co.jp,Male,ccofax66,eBbnWjZL
224,Lambert,Ondrasek,londrasek67@youtu.be,Male,londrasek67,rVaIhXf
225,Arvin,Wileman,awileman68@state.gov,Male,awileman68,qg69UHEFTo
226,Lorrie,Bernetti,lbernetti69@facebook.com,Male,lbernetti69,ggXXrK0nIu
227,Ranique,Sellar,rsellar6a@comsenz.com,Female,rsellar6a,xRxtha
228,Fredelia,Morland,fmorland6b@barnesandnoble.com,Female,fmorland6b,aUU9FYI0MPb
229,Paddie,Brockelsby,pbrockelsby6c@wix.com,Male,pbrockelsby6c,HR4Mi1
230,Willis,Tiplady,wtiplady6d@tripod.com,Male,wtiplady6d,K8yQdfPeFq
231,Evvy,Sked,esked6e@yolasite.com,Female,esked6e,aFX6Rk
232,Guy,Conningham,gconningham6f@1688.com,Male,gconningham6f,CfscPmSoaE5
233,Salmon,Duffrie,sduffrie6g@marketwatch.com,Male,sduffrie6g,VTYeoWBUsbpP
234,Horatio,Lavelle,hlavelle6h@cnet.com,Male,hlavelle6h,OAke2lW
235,Barret,Foulsham,bfoulsham6i@bloglines.com,Male,bfoulsham6i,K91BVE4XZ2p
236,Inez,Vedyashkin,ivedyashkin6j@about.com,Female,ivedyashkin6j,eTMhZHSMxj8
237,Bruce,Exon,bexon6k@howstuffworks.com,Male,bexon6k,w7pA9vH9SB
238,Modesty,Speir,mspeir6l@webmd.com,Female,mspeir6l,lqunYrDJ8sS
239,Gustaf,Beneteau,gbeneteau6m@discuz.net,Male,gbeneteau6m,MBvezz
240,Siana,Sellor,ssellor6n@flavors.me,Female,ssellor6n,e3KZprsUsDu7
241,Xavier,Wenger,xwenger6o@oracle.com,Male,xwenger6o,aNYOAF6Hy3
242,Christopher,McKeachie,cmckeachie6p@cloudflare.com,Male,cmckeachie6p,Rav3XykKe
243,Roddie,Cripwell,rcripwell6q@a8.net,Male,rcripwell6q,MgLFOGA0Xjd
244,Chrisy,Mishaw,cmishaw6r@tripod.com,Male,cmishaw6r,eeLNjA79T
245,Carie,O'Scannill,coscannill6s@netlog.com,Female,coscannill6s,of5XFFtE
246,Gillian,Willans,gwillans6t@arizona.edu,Female,gwillans6t,7zpSgBeSbW
247,Clement,Grocock,cgrocock6u@omniture.com,Male,cgrocock6u,Hkkp3wi6u
248,Tibold,Woolham,twoolham6v@abc.net.au,Male,twoolham6v,Cnp4VT8LWv
249,Orton,Celes,oceles6w@discuz.net,Male,oceles6w,GNnpA0RW1h
250,Babbette,Vanyushin,bvanyushin6x@usnews.com,Female,bvanyushin6x,gBmcXm
251,Dalila,Head,dhead6y@netvibes.com,Female,dhead6y,xAHqlP
252,Myron,Haspineall,mhaspineall6z@surveymonkey.com,Male,mhaspineall6z,im6dZ91is3Fh
253,Flss,Horick,fhorick70@earthlink.net,Female,fhorick70,sBoJODyVvzw2
254,Lurette,Bloxsom,lbloxsom71@geocities.com,Female,lbloxsom71,gwhhUOSF
255,Tirrell,Connal,tconnal72@cdc.gov,Male,tconnal72,HgWcPnH4P
256,Kean,Brosh,kbrosh73@netlog.com,Male,kbrosh73,RD8zqAD
257,Atlanta,Towey,atowey74@spiegel.de,Female,atowey74,bmrFkF
258,Claudius,Growcock,cgrowcock75@amazonaws.com,Male,cgrowcock75,lw7q7aKxRmt
259,Waylon,Goldie,wgoldie76@amazon.co.uk,Male,wgoldie76,CEJeysiU4o
260,Emelda,Dungate,edungate77@nsw.gov.au,Female,edungate77,RZA3WPD
261,Torin,Trengove,ttrengove78@nature.com,Male,ttrengove78,cKgbjeEzil
262,Jana,Harsum,jharsum79@globo.com,Female,jharsum79,Zsu33urBv7H
263,Vitoria,Caso,vcaso7a@guardian.co.uk,Female,vcaso7a,YNKxA0
264,Stacee,Clemmens,sclemmens7b@rambler.ru,Female,sclemmens7b,MiNYnKitJ0V
265,Carl,Mercer,cmercer7c@ovh.net,Male,cmercer7c,RlaeiqSJ
266,Steffie,Happert,shappert7d@bravesites.com,Female,shappert7d,FzB7tP29gE
267,Averyl,Brandenburg,abrandenburg7e@unesco.org,Female,abrandenburg7e,Cuzv3Vu5CHp
268,Ricki,Fautley,rfautley7f@freewebs.com,Male,rfautley7f,KQUe4cmTH5ik
269,Mellisa,Bogue,mbogue7g@army.mil,Female,mbogue7g,jlrwrAt
270,Gretal,Lennard,glennard7h@stanford.edu,Female,glennard7h,qSLm59z
271,Wait,Beesley,wbeesley7i@taobao.com,Male,wbeesley7i,yCdhU7ddglJN
272,Janela,Graham,jgraham7j@buzzfeed.com,Female,jgraham7j,KxxI4y
273,Sharona,Barwack,sbarwack7k@bbb.org,Female,sbarwack7k,rLWZBR
274,Shelagh,Klimsch,sklimsch7l@constantcontact.com,Female,sklimsch7l,seWpX3jrpYtD
275,Selia,Hallawell,shallawell7m@blogspot.com,Female,shallawell7m,CN8t6ov
276,Theodore,Klas,tklas7n@desdev.cn,Male,tklas7n,WlflxE
277,Cindy,Fossitt,cfossitt7o@pen.io,Female,cfossitt7o,ls5RVel
278,Millard,Haskur,mhaskur7p@yahoo.co.jp,Male,mhaskur7p,Xcn7soH87
279,Rurik,Padfield,rpadfield7q@usa.gov,Male,rpadfield7q,8yOihAz
280,Hy,Haccleton,hhaccleton7r@eventbrite.com,Male,hhaccleton7r,j8ShirgeWKGq
281,Dene,Binion,dbinion7s@ycombinator.com,Male,dbinion7s,gRMh1ylaoI
282,Marshal,Gurry,mgurry7t@wufoo.com,Male,mgurry7t,27PXR42YQd
283,Mitchael,St Ledger,mstledger7u@bloomberg.com,Male,mstledger7u,IOQ8fAG
284,Berenice,Damant,bdamant7v@mac.com,Female,bdamant7v,9QjSl2kX
285,Cloris,Jebb,cjebb7w@aboutads.info,Female,cjebb7w,T7coQKeqd5O
286,Trula,Swynfen,tswynfen7x@senate.gov,Female,tswynfen7x,hfuhkl39YENf
287,Reuven,Burnyate,rburnyate7y@boston.com,Male,rburnyate7y,QU215l
288,Lin,Alderton,lalderton7z@g.co,Female,lalderton7z,5faYjA
289,Kellyann,Twigge,ktwigge80@domainmarket.com,Female,ktwigge80,BVRVcjhp3
290,Boonie,Norcliff,bnorcliff81@admin.ch,Male,bnorcliff81,Be9GrUolhsOq
291,Krispin,Woofenden,kwoofenden82@wikimedia.org,Male,kwoofenden82,xAB1RfP8
292,Nicolas,Whiffen,nwhiffen83@phoca.cz,Male,nwhiffen83,hVpDSNN
293,Kliment,Shurville,kshurville84@boston.com,Male,kshurville84,pkrJc9j
294,Trixy,Dayton,tdayton85@vinaora.com,Female,tdayton85,RDEGhyU
295,Ruperto,Devany,rdevany86@networkadvertising.org,Male,rdevany86,bi5s4VpB9hV
296,Carr,Fontaine,cfontaine87@is.gd,Male,cfontaine87,2wtkwjWL9f
297,Aubert,Berens,aberens88@mozilla.org,Male,aberens88,QkxGxkuqR
298,Burg,Torrisi,btorrisi89@cnet.com,Male,btorrisi89,sa5ejqEHm6Pm
299,Clevie,Hanstock,chanstock8a@amazon.co.uk,Male,chanstock8a,rJMW311y
300,Sauncho,Tomkies,stomkies8b@youtu.be,Male,stomkies8b,jBVmYUIHFo
301,Marena,Giblett,mgiblett8c@reuters.com,Female,mgiblett8c,hD70Te
302,Raynard,Haithwaite,rhaithwaite8d@behance.net,Male,rhaithwaite8d,oBJdaaSYr6w
303,Cal,Dorey,cdorey8e@netscape.com,Male,cdorey8e,3UCY3zNzrZqf
304,Misti,Rennocks,mrennocks8f@homestead.com,Female,mrennocks8f,Gq72iG7s18Pw
305,Adlai,Van den Bosch,avandenbosch8g@wordpress.org,Male,avandenbosch8g,PaKuiYbw
306,Natala,Sheekey,nsheekey8h@gov.uk,Female,nsheekey8h,jVCyJcUb
307,Calypso,Goggey,cgoggey8i@twitter.com,Female,cgoggey8i,isMAnL1FsO
308,Uriel,Bruce,ubruce8j@google.cn,Male,ubruce8j,1u0w37cH0v
309,Grenville,Littlejohn,glittlejohn8k@printfriendly.com,Male,glittlejohn8k,5c65sD
310,Nappie,Scotchbourouge,nscotchbourouge8l@nih.gov,Male,nscotchbourouge8l,4QaS86PZ88hX
311,Rosene,Kira,rkira8m@taobao.com,Female,rkira8m,PIbJyCZj
312,Julieta,Kempshall,jkempshall8n@wix.com,Female,jkempshall8n,K5FKOnIbBH
313,Rodd,Russel,rrussel8o@blog.com,Male,rrussel8o,vXebo6RE
314,Dew,Belham,dbelham8p@tinyurl.com,Male,dbelham8p,tvh0AKr
315,Cori,Del Checolo,cdelchecolo8q@acquirethisname.com,Male,cdelchecolo8q,92mOHKV
316,Currie,Deery,cdeery8r@reuters.com,Male,cdeery8r,SMXKOZkYPH
317,Keenan,Mixhel,kmixhel8s@google.co.uk,Male,kmixhel8s,kltAzGD
318,Pattin,Papps,ppapps8t@tinyurl.com,Male,ppapps8t,ibfgiH
319,Louella,Bugg,lbugg8u@whitehouse.gov,Female,lbugg8u,Zfz01c6BHRIr
320,Ewen,Malone,emalone8v@bandcamp.com,Male,emalone8v,3qIt3dmJ9
321,Everard,McGrorty,emcgrorty8w@myspace.com,Male,emcgrorty8w,hEM1oWZ0
322,Jacinta,Borres,jborres8x@nationalgeographic.com,Female,jborres8x,sDAgJq9T
323,Randie,Massenhove,rmassenhove8y@histats.com,Male,rmassenhove8y,QD4Lfg
324,Goldia,Steynor,gsteynor8z@whitehouse.gov,Female,gsteynor8z,sZ2knvXJ
325,Lindy,MacLardie,lmaclardie90@miibeian.gov.cn,Male,lmaclardie90,CLiPYah
326,Deva,Hayhurst,dhayhurst91@sphinn.com,Female,dhayhurst91,GUzY8luxQA5
327,Lianna,Zelner,lzelner92@telegraph.co.uk,Female,lzelner92,UzT7mcsjCzs
328,Alfonse,Westley,awestley93@reddit.com,Male,awestley93,z46sgy
329,Sharai,Manners,smanners94@unblog.fr,Female,smanners94,2jwkvYv1j7bC
330,Marlo,Bexley,mbexley95@joomla.org,Female,mbexley95,6pWJ3PboX3RU
331,Sylvester,Bowling,sbowling96@tinyurl.com,Male,sbowling96,11MB9655
332,Sanford,Mundy,smundy97@telegraph.co.uk,Male,smundy97,W6lgvU
333,Bernardo,Daybell,bdaybell98@dropbox.com,Male,bdaybell98,UL68445sg
334,Ruthi,Feehily,rfeehily99@cdc.gov,Female,rfeehily99,MQ6X5SBPXGT
335,Galvin,Woodwin,gwoodwin9a@dagondesign.com,Male,gwoodwin9a,ZW9JZ3
336,Louise,Luebbert,lluebbert9b@sbwire.com,Female,lluebbert9b,TK9kxI
337,Rudd,Basill,rbasill9c@google.com.au,Male,rbasill9c,go1oJ0dQI
338,Addison,Kennea,akennea9d@shutterfly.com,Male,akennea9d,V6Z0gTNHqHgu
339,Dorey,Hatchett,dhatchett9e@prlog.org,Male,dhatchett9e,zFgxqe
340,Dana,Jaggar,djaggar9f@sphinn.com,Male,djaggar9f,f3mYl27jWdh
341,Jobey,Heliar,jheliar9g@economist.com,Female,jheliar9g,njnjPsTwv0E
342,Katinka,Clow,kclow9h@loc.gov,Female,kclow9h,2sBhfN
343,Vanni,Pendrich,vpendrich9i@arizona.edu,Female,vpendrich9i,6C53NFYhoa
344,Dolly,Autry,dautry9j@wordpress.com,Female,dautry9j,SCNiTnvQ
345,Edna,Smails,esmails9k@google.com,Female,esmails9k,26eXw5M2j
346,Preston,Scrancher,pscrancher9l@surveymonkey.com,Male,pscrancher9l,0rk5wJ
347,Gray,Fenelow,gfenelow9m@accuweather.com,Male,gfenelow9m,ySTcWK6
348,Alaster,Rubinowitz,arubinowitz9n@live.com,Male,arubinowitz9n,uWI8WBac2z
349,Alejandro,Beeden,abeeden9o@army.mil,Male,abeeden9o,UzOM2ampV6wo
350,Cristabel,Reboulet,creboulet9p@ow.ly,Female,creboulet9p,Auv7D97oE
351,Jefferson,MacGuigan,jmacguigan9q@dell.com,Male,jmacguigan9q,hRmRfbgsHH
352,Pren,Downham,pdownham9r@merriam-webster.com,Male,pdownham9r,WglqlMO8A
353,Helen,Husset,hhusset9s@howstuffworks.com,Female,hhusset9s,PVxxmiBGb
354,Jdavie,Hughson,jhughson9t@delicious.com,Male,jhughson9t,GG4nTQ09ED
355,Dot,Tixier,dtixier9u@omniture.com,Female,dtixier9u,dtpPaN
356,Frank,Hallyburton,fhallyburton9v@themeforest.net,Male,fhallyburton9v,xAkopw6HT
357,Hi,Biddulph,hbiddulph9w@whitehouse.gov,Male,hbiddulph9w,HplnHDezU8U
358,Doria,Tall,dtall9x@sitemeter.com,Female,dtall9x,nv9zYbUllc
359,Griselda,Janton,gjanton9y@cnbc.com,Female,gjanton9y,ts8kAlhCfT
360,Blake,Van Niekerk,bvanniekerk9z@reverbnation.com,Male,bvanniekerk9z,agl41pk1
361,Matty,Lichfield,mlichfielda0@bluehost.com,Female,mlichfielda0,RqJ9d9
362,Audrie,Ajsik,aajsika1@dot.gov,Female,aajsika1,gYY9xGj2WH
363,Alyssa,O'Quin,aoquina2@amazon.com,Female,aoquina2,BGVgxjWDiga
364,Floria,Robers,frobersa3@aboutads.info,Female,frobersa3,MjtOxK9pro6
365,Sydelle,Okroy,sokroya4@sfgate.com,Female,sokroya4,0uXujxIa98
366,Kimberli,Minto,kmintoa5@digg.com,Female,kmintoa5,eiMxVPPt
367,Freda,Couroy,fcouroya6@cbsnews.com,Female,fcouroya6,aE81Q3TelcFk
368,Yvor,Dyde,ydydea7@shareasale.com,Male,ydydea7,AEVavZPs
369,Alfreda,Avon,aavona8@altervista.org,Female,aavona8,7Rc0WAb
370,Philippa,Coopey,pcoopeya9@themeforest.net,Female,pcoopeya9,vD7Eqt6TmX8
371,Pippy,Pellew,ppellewaa@mapquest.com,Female,ppellewaa,2ff439jTDE
372,Bonita,De Bernardis,bdebernardisab@imgur.com,Female,bdebernardisab,9vmOg49
373,Steffie,Cousans,scousansac@flickr.com,Female,scousansac,4D7Msvvsz
374,Noby,Harkes,nharkesad@google.fr,Male,nharkesad,t7lYNmWUrvHz
375,Evanne,Bambrugh,ebambrughae@ox.ac.uk,Female,ebambrughae,OXLD3TKA8
376,Giffer,Canceller,gcancelleraf@wikimedia.org,Male,gcancelleraf,JOgfl0PI
377,Ephraim,Maylour,emaylourag@arizona.edu,Male,emaylourag,5xlwFZJ
378,Gus,Romero,gromeroah@hud.gov,Female,gromeroah,VxVikTAAW9sC
379,Bret,Avent,baventai@51.la,Male,baventai,TpYDKS434tCh
380,Jehanna,Pole,jpoleaj@state.tx.us,Female,jpoleaj,sGhnBplRIl
381,Vachel,Aldridge,valdridgeak@dyndns.org,Male,valdridgeak,VFMe8LRT3Q
382,Celka,Lamerton,clamertonal@google.it,Female,clamertonal,qF7lXU0JOV
383,Marjie,Pinke,mpinkeam@4shared.com,Female,mpinkeam,SSqGkqQ9k6
384,Nikolai,Willeson,nwillesonan@weather.com,Male,nwillesonan,6Y1HQ6jlAxs
385,North,Pottle,npottleao@typepad.com,Male,npottleao,EWU81q
386,Wilden,Worsnap,wworsnapap@alexa.com,Male,wworsnapap,7ZG4tvjtkp
387,Leonardo,Joire,ljoireaq@stanford.edu,Male,ljoireaq,kz2j6Q4s
388,Frederigo,Rendell,frendellar@smh.com.au,Male,frendellar,m8MsC6W
389,Merle,Durrad,mdurradas@examiner.com,Female,mdurradas,2be75NGnpV
390,Ellary,Gillian,egillianat@whitehouse.gov,Male,egillianat,8DggGPh
391,Nikolia,Jenks,njenksau@cbslocal.com,Female,njenksau,QtDMu7mnjHvL
392,Nealon,MacLoughlin,nmacloughlinav@imdb.com,Male,nmacloughlinav,IA5dm21TMEH
393,Flor,Gately,fgatelyaw@usa.gov,Female,fgatelyaw,4is7jypFbdfD
394,Honor,Stegers,hstegersax@msu.edu,Female,hstegersax,HKVaWi
395,Blondy,Classen,bclassenay@weibo.com,Female,bclassenay,qfF9blnPKU
396,Duff,Annies,danniesaz@prnewswire.com,Male,danniesaz,FTObr6CA
397,Ara,Woolley,awoolleyb0@bigcartel.com,Male,awoolleyb0,1dH7xY
398,Carlin,Pomfrey,cpomfreyb1@theglobeandmail.com,Female,cpomfreyb1,XfahhSwFHBB
399,Jenna,Crossby,jcrossbyb2@dion.ne.jp,Female,jcrossbyb2,orVzIRn1V
400,Deloris,Marginson,dmarginsonb3@mayoclinic.com,Female,dmarginsonb3,scgwyi7rCB
401,Matt,Itzhaiek,mitzhaiekb4@hibu.com,Male,mitzhaiekb4,vPoH7H
402,Roderich,Deviney,rdevineyb5@blog.com,Male,rdevineyb5,kjWe4Xvky
403,Joannes,Mapplebeck,jmapplebeckb6@wufoo.com,Female,jmapplebeckb6,luYtXyOaOY
404,Marcela,Remirez,mremirezb7@google.com.hk,Female,mremirezb7,HQHlDIfoGoKE
405,Kanya,Baraclough,kbaracloughb8@purevolume.com,Female,kbaracloughb8,NwnBqdD69
406,Jerrome,Dullaghan,jdullaghanb9@vk.com,Male,jdullaghanb9,hiPo3mG9
407,Kriste,Lockhart,klockhartba@cam.ac.uk,Female,klockhartba,1k0D2C7fB
408,Winslow,Randall,wrandallbb@hud.gov,Male,wrandallbb,kNrH23tY
409,Sarine,Hambright,shambrightbc@1688.com,Female,shambrightbc,QFvfP0G
410,Nils,McGrail,nmcgrailbd@alibaba.com,Male,nmcgrailbd,YqXHLIEA
411,Christiane,Al Hirsi,calhirsibe@imdb.com,Female,calhirsibe,X1i6a4LtFP
412,Chaddy,Brokenbrow,cbrokenbrowbf@furl.net,Male,cbrokenbrowbf,QHZ3GFFuRw
413,Urbanus,Vickors,uvickorsbg@earthlink.net,Male,uvickorsbg,dy6ZC0yooA
414,Wandis,Southon,wsouthonbh@google.cn,Female,wsouthonbh,zBWHHsn
415,Alison,Skillern,askillernbi@merriam-webster.com,Female,askillernbi,MPJL46yWqwQ
416,Alexandr,Lensch,alenschbj@apache.org,Male,alenschbj,JtsNaj2Vv
417,Orlando,Reichartz,oreichartzbk@ucla.edu,Male,oreichartzbk,KxLlwXyMXN
418,Billie,O'Lennachain,bolennachainbl@delicious.com,Female,bolennachainbl,rsXo70M1dtH
419,Benji,Simione,bsimionebm@netvibes.com,Male,bsimionebm,yiKQGR46
420,Stephanie,Klain,sklainbn@paginegialle.it,Female,sklainbn,ohU5AGAQkDp
421,Seamus,Cornhill,scornhillbo@parallels.com,Male,scornhillbo,DbpdnYMF2X7h
422,Lorne,Orbine,lorbinebp@tamu.edu,Female,lorbinebp,XhwoGy
423,Tomas,Nickoles,tnickolesbq@google.co.uk,Male,tnickolesbq,M7s5sd7FL
424,Barbara,MacGrath,bmacgrathbr@cornell.edu,Female,bmacgrathbr,P7c12cW
425,Lorelei,Seint,lseintbs@sohu.com,Female,lseintbs,Gpe0pT
426,Nert,Rosso,nrossobt@google.de,Female,nrossobt,BXy1IBY
427,Mirella,Coulson,mcoulsonbu@wufoo.com,Female,mcoulsonbu,6ncMzmuT
428,Ambros,Cristofari,acristofaribv@jigsy.com,Male,acristofaribv,I5dGOV
429,Ash,Bruneton,abrunetonbw@sun.com,Male,abrunetonbw,C2GfKuaEmqsO
430,Vicky,Shemmans,vshemmansbx@si.edu,Female,vshemmansbx,fWMUnq
431,Ros,Nolton,rnoltonby@google.pl,Female,rnoltonby,q2McHZZ0aEs
432,Tonnie,Hanselmann,thanselmannbz@google.ru,Male,thanselmannbz,AM8VEErcvCD
433,Dorelia,Torres,dtorresc0@arizona.edu,Female,dtorresc0,SQ9cp2Y
434,Ed,Vanni,evannic1@squarespace.com,Male,evannic1,uiVGctQZ
435,Standford,Handlin,shandlinc2@freewebs.com,Male,shandlinc2,q8CUsDCA
436,Kenn,Maykin,kmaykinc3@dailymotion.com,Male,kmaykinc3,mmwFYX
437,Guinevere,Drakeford,gdrakefordc4@latimes.com,Female,gdrakefordc4,UDqCtzrggOy
438,Netty,Mourbey,nmourbeyc5@google.pl,Female,nmourbeyc5,37Z698Arip
439,Sybilla,Hoopper,shoopperc6@stumbleupon.com,Female,shoopperc6,SSt94tCvq
440,Leesa,Dibbs,ldibbsc7@zdnet.com,Female,ldibbsc7,wH920odZEYVW
441,Alvie,McClintock,amcclintockc8@sbwire.com,Male,amcclintockc8,ai1EqKp1ZQ
442,Moise,Stormonth,mstormonthc9@time.com,Male,mstormonthc9,DXuJkPGA
443,Ayn,Keeping,akeepingca@oakley.com,Female,akeepingca,uTNAlGEOsVgA
444,Enrico,Maslin,emaslincb@si.edu,Male,emaslincb,fpykun891FX
445,Chilton,Kibbe,ckibbecc@yellowbook.com,Male,ckibbecc,MkYFOYQ
446,Grete,Wilkin,gwilkincd@tinyurl.com,Female,gwilkincd,Bto1Uq
447,Maje,Penylton,mpenyltonce@bloomberg.com,Male,mpenyltonce,CUCtox
448,Gisela,Somerville,gsomervillecf@squarespace.com,Female,gsomervillecf,jXeH6Fqj
449,Geoff,Probbin,gprobbincg@reverbnation.com,Male,gprobbincg,gQJr7JXgu
450,Noel,Rabbatts,nrabbattsch@google.com.br,Female,nrabbattsch,Vk4UInAXFgK
451,Dierdre,Lenney,dlenneyci@phpbb.com,Female,dlenneyci,pNP8Wp
452,Keri,Blackstock,kblackstockcj@nsw.gov.au,Female,kblackstockcj,3ev02jvXb4s
453,Boy,Lancaster,blancasterck@who.int,Male,blancasterck,wcWqH6dRf
454,Melody,Leipold,mleipoldcl@delicious.com,Female,mleipoldcl,m5o93R2M
455,Karel,Faltin,kfaltincm@cbslocal.com,Female,kfaltincm,pYqJGM
456,Travis,Kelby,tkelbycn@home.pl,Male,tkelbycn,wo9dnsa4NQr5
457,Inesita,Pinkie,ipinkieco@ycombinator.com,Female,ipinkieco,K6JlQLv
458,Jenda,Bleything,jbleythingcp@usgs.gov,Female,jbleythingcp,4EzgRSNpzhQ
459,Addie,Goreway,agorewaycq@bizjournals.com,Female,agorewaycq,RV7lFWGbpr
460,Kimberlee,Corking,kcorkingcr@redcross.org,Female,kcorkingcr,lkLjts8SGdb
461,Tamarah,McNish,tmcnishcs@opera.com,Female,tmcnishcs,0yWPdJhg4
462,Tiler,Lappin,tlappinct@slideshare.net,Male,tlappinct,XTFYI25LtNbF
463,Afton,Baccup,abaccupcu@mozilla.org,Female,abaccupcu,Q309tTfW7
464,Dougie,Linton,dlintoncv@yale.edu,Male,dlintoncv,Zio2OD3P7KU
465,Magdaia,Copnall,mcopnallcw@amazon.co.uk,Female,mcopnallcw,67oaLKB4Q9Ha
466,Annamarie,Lutwidge,alutwidgecx@indiatimes.com,Female,alutwidgecx,o0ayV8L3WZ
467,Gillan,Seakin,gseakincy@comcast.net,Female,gseakincy,4lPw91N92H
468,Stan,O'Cosgra,socosgracz@hhs.gov,Male,socosgracz,eNHQwNi
469,Delmar,Snowman,dsnowmand0@elegantthemes.com,Male,dsnowmand0,NcYpd5asq
470,Kira,O'Hannigan,kohannigand1@hatena.ne.jp,Female,kohannigand1,xTydZR0
471,Shannon,Hargreave,shargreaved2@intel.com,Female,shargreaved2,f5iUQvbDzr
472,Scarface,Stoad,sstoadd3@jalbum.net,Male,sstoadd3,TlkRmdO
473,Randolph,Sunshine,rsunshined4@tmall.com,Male,rsunshined4,6UkR6O
474,Jacquie,Fowlston,jfowlstond5@list-manage.com,Female,jfowlstond5,M3gbBZ0SiX0c
475,Nappie,Matuszyk,nmatuszykd6@friendfeed.com,Male,nmatuszykd6,TNq2LTKvxd
476,Emili,Muncey,emunceyd7@disqus.com,Female,emunceyd7,U73M2ArI
477,Fayina,Trebilcock,ftrebilcockd8@house.gov,Female,ftrebilcockd8,r3R9MKR3r3d
478,Lorita,Kopf,lkopfd9@bandcamp.com,Female,lkopfd9,WdRW9lLGuUGK
479,Celestyn,Chomicz,cchomiczda@nhs.uk,Female,cchomiczda,FQhnzXVWr
480,Vick,Tocque,vtocquedb@apple.com,Male,vtocquedb,43CSfYlupxH
481,Brockie,Aronov,baronovdc@shutterfly.com,Male,baronovdc,HZQ44L3Lo
482,Free,O'Carmody,focarmodydd@techcrunch.com,Male,focarmodydd,Gt5ZRXVdTRD
483,Cecilius,Shepherd,cshepherdde@tripod.com,Male,cshepherdde,YBoYrmzTG
484,Madalyn,McCarrell,mmccarrelldf@gravatar.com,Female,mmccarrelldf,Q7um5L3qiBh2
485,Pris,Hurrion,phurriondg@mediafire.com,Female,phurriondg,b0AqdV
486,Carlin,Lingley,clingleydh@dailymotion.com,Female,clingleydh,4PEH9ODv
487,Jeddy,Wolpert,jwolpertdi@tinypic.com,Male,jwolpertdi,R2GpSP4
488,Farand,O'Mullally,fomullallydj@buzzfeed.com,Female,fomullallydj,Y6k0txDS
489,Spenser,Growden,sgrowdendk@lycos.com,Male,sgrowdendk,6hxQKi
490,Tasha,Cattrall,tcattralldl@dmoz.org,Female,tcattralldl,ZWGH5EcqM
491,Alfonso,Aynold,aaynolddm@hud.gov,Male,aaynolddm,nnzwZPH1way
492,Judie,Hain,jhaindn@technorati.com,Female,jhaindn,0xyvQSmhHGv
493,Wang,Theseira,wtheseirado@go.com,Male,wtheseirado,PKeawRU
494,Tibold,Manketell,tmanketelldp@disqus.com,Male,tmanketelldp,DDTPCRl
495,Jasmin,Ewer,jewerdq@icio.us,Female,jewerdq,siZw6zceua8s
496,Dianna,Andrichuk,dandrichukdr@tinypic.com,Female,dandrichukdr,f8UW5509hj
497,Fran,Potes,fpotesds@wiley.com,Female,fpotesds,JMhohG
498,Nancey,Scaddon,nscaddondt@tamu.edu,Female,nscaddondt,lYheg8
499,Lucretia,Hawket,lhawketdu@huffingtonpost.com,Female,lhawketdu,htNd7cZawb
500,Glad,Tommei,gtommeidv@ca.gov,Female,gtommeidv,xdL25yu
501,Tulley,MacDwyer,tmacdwyerdw@jalbum.net,Male,tmacdwyerdw,by21YlHO
502,Johny,Lunge,jlungedx@google.nl,Male,jlungedx,adRWqS
503,Kristyn,Olland,kollanddy@accuweather.com,Female,kollanddy,6uNC5xyrbYAg
504,Sacha,Clilverd,sclilverddz@tiny.cc,Female,sclilverddz,CkacKEPlEfbj
505,Leicester,Blazynski,lblazynskie0@ox.ac.uk,Male,lblazynskie0,URmxctxj
506,Orly,Russan,orussane1@google.ca,Female,orussane1,uMAgaOp
507,Beitris,Cheltnam,bcheltname2@yahoo.com,Female,bcheltname2,Bj5P3TdDN
508,Napoleon,Donn,ndonne3@kickstarter.com,Male,ndonne3,4psaUWVBPa
509,Korie,Ryal,kryale4@yahoo.com,Female,kryale4,ckpxVg4PO5Vb
510,Daile,Domican,ddomicane5@simplemachines.org,Female,ddomicane5,cadkBomC
511,Adlai,Lebell,alebelle6@4shared.com,Male,alebelle6,4g6INxTX
512,Eugenio,Draijer,edraijere7@dedecms.com,Male,edraijere7,0fSiwhMt
513,Valentina,Rosewarne,vrosewarnee8@ox.ac.uk,Female,vrosewarnee8,sHtLeIZi0U55
514,Montgomery,Noddles,mnoddlese9@mediafire.com,Male,mnoddlese9,KUPyMkC77z
515,Cari,Grishanov,cgrishanovea@ft.com,Female,cgrishanovea,3s7XgmslV
516,Markos,Battrick,mbattrickeb@nhs.uk,Male,mbattrickeb,8QygcJHHfD
517,Krystle,Shorthill,kshorthillec@whitehouse.gov,Female,kshorthillec,uUPLsg
518,Orran,Greenly,ogreenlyed@nature.com,Male,ogreenlyed,yWf9Kl
519,Igor,Coniam,iconiamee@photobucket.com,Male,iconiamee,a3PnksGdcIq4
520,Dudley,Cannell,dcannellef@wiley.com,Male,dcannellef,N9wNHVwV
521,Wilmette,Titmuss,wtitmusseg@uiuc.edu,Female,wtitmusseg,WoZzrXWBvx
522,Eartha,Canby,ecanbyeh@booking.com,Female,ecanbyeh,5TL7tZ1iB0qF
523,Jo,Saffrin,jsaffrinei@dell.com,Male,jsaffrinei,1awSuxC4cw
524,Patience,Albinson,palbinsonej@scribd.com,Female,palbinsonej,0FcQ7u
525,Gwyneth,Braam,gbraamek@wix.com,Female,gbraamek,SRWNf5JYJ4JG
526,Correy,Squibb,csquibbel@auda.org.au,Female,csquibbel,6jbb8EZNVM
527,Brig,Gladbach,bgladbachem@domainmarket.com,Male,bgladbachem,jVdgLw2s
528,Jaclyn,Huitt,jhuitten@hubpages.com,Female,jhuitten,eLJbXoqg1kOI
529,Willem,Bulch,wbulcheo@japanpost.jp,Male,wbulcheo,WwSscwon
530,Peg,Borrie,pborrieep@yale.edu,Female,pborrieep,V03d4BGB10
531,Wally,Rubery,wruberyeq@devhub.com,Female,wruberyeq,xkAbYQTZEH0N
532,Hadrian,Whittington,hwhittingtoner@go.com,Male,hwhittingtoner,kBiCUVu
533,Casar,Ciccotti,cciccotties@google.com.hk,Male,cciccotties,7MS0aw
534,Gianna,Panyer,gpanyeret@msn.com,Female,gpanyeret,hES4AGLegdp1
535,Fraser,Dedmam,fdedmameu@xinhuanet.com,Male,fdedmameu,Dmh5Na
536,Port,Burchall,pburchallev@zdnet.com,Male,pburchallev,ic3F0LBo0Vw
537,Sharai,Figge,sfiggeew@shutterfly.com,Female,sfiggeew,43M7XP7Bv
538,Inesita,Chislett,ichislettex@amazon.com,Female,ichislettex,waYnRIfZsJd
539,Allyn,Cosford,acosfordey@examiner.com,Male,acosfordey,fXaLqqDGWpF
540,Tiler,Kalisch,tkalischez@canalblog.com,Male,tkalischez,llxdEM
541,Denise,Instone,dinstonef0@woothemes.com,Female,dinstonef0,FLEi2jiCbV5
542,Antonius,Nairy,anairyf1@aol.com,Male,anairyf1,Ff6K0f9Pv
543,Thorny,Hyland,thylandf2@vinaora.com,Male,thylandf2,7cs72sl54pYL
544,Jacki,Brankley,jbrankleyf3@smh.com.au,Female,jbrankleyf3,GCe2X7
545,Del,Le Quesne,dlequesnef4@opera.com,Female,dlequesnef4,9Ztkn9iPCWD
546,Michele,Kubera,mkuberaf5@ucsd.edu,Male,mkuberaf5,2ko1tw
547,Gabi,Stephens,gstephensf6@unblog.fr,Female,gstephensf6,zrKVy8NZsfpf
548,Kenna,Stucksbury,kstucksburyf7@ucla.edu,Female,kstucksburyf7,Dfz686xiJJ
549,Tandie,Lempke,tlempkef8@toplist.cz,Female,tlempkef8,Ad4zBDJ
550,Armstrong,Jiroutka,ajiroutkaf9@oaic.gov.au,Male,ajiroutkaf9,DaRsWop3aj
551,Mackenzie,Glasspoole,mglasspoolefa@house.gov,Male,mglasspoolefa,8K8zJWi
552,Mercy,Lindeman,mlindemanfb@tuttocitta.it,Female,mlindemanfb,CohGykyGs3gb
553,Carlyle,Babin,cbabinfc@com.com,Male,cbabinfc,R8ybhOuLl3T
554,Sianna,Mettericke,smetterickefd@nih.gov,Female,smetterickefd,wgKWjL24yS
555,Hillier,Davidzon,hdavidzonfe@ifeng.com,Male,hdavidzonfe,ivmAhVq
556,Amory,Clendennen,aclendennenff@icq.com,Male,aclendennenff,B2X8A2O
557,Jemie,Dawdry,jdawdryfg@posterous.com,Female,jdawdryfg,Nb1gL4a
558,Dniren,Bezzant,dbezzantfh@webnode.com,Female,dbezzantfh,4jhEdZ5lOuA0
559,Mitch,Aspenlon,maspenlonfi@washington.edu,Male,maspenlonfi,YRAbVG
560,Amalle,Haselhurst,ahaselhurstfj@bravesites.com,Female,ahaselhurstfj,MFjS4FW651
561,Dorene,Getcliff,dgetclifffk@slate.com,Female,dgetclifffk,Dxokg2
562,Mathilda,Rossbrooke,mrossbrookefl@theglobeandmail.com,Female,mrossbrookefl,P4MZowt
563,Dolores,Hastewell,dhastewellfm@lycos.com,Female,dhastewellfm,TEsYaCC
564,Jess,Prandoni,jprandonifn@mail.ru,Female,jprandonifn,zx4aa3R
565,Sollie,Heavens,sheavensfo@cbc.ca,Male,sheavensfo,7yAPeIRH
566,Keven,Defont,kdefontfp@163.com,Male,kdefontfp,T1yHxUQwof
567,Ray,Lund,rlundfq@slashdot.org,Male,rlundfq,mznh3eQ2
568,Ekaterina,Jakubiak,ejakubiakfr@yandex.ru,Female,ejakubiakfr,82clc9I5Xu
569,Demott,Cartwright,dcartwrightfs@jiathis.com,Male,dcartwrightfs,gVLS5EYJkZJ7
570,Esmeralda,St. Ledger,estledgerft@mapquest.com,Female,estledgerft,Zrty0ddq6gkE
571,Palm,Lavalde,plavaldefu@amazon.co.uk,Male,plavaldefu,WbzxAlfma2
572,Bailie,Gladwin,bgladwinfv@loc.gov,Male,bgladwinfv,EBZPvb8TFv
573,Belinda,Rook,brookfw@google.es,Female,brookfw,7rzWTHjTgjn
574,Riccardo,MacAndreis,rmacandreisfx@imageshack.us,Male,rmacandreisfx,lD0EkV35HN30
575,Jannelle,Orme,jormefy@illinois.edu,Female,jormefy,zJFKQBk68x
576,Urson,Ather,uatherfz@auda.org.au,Male,uatherfz,sO0eq5iG2R
577,Francesco,Bugler,fbuglerg0@liveinternet.ru,Male,fbuglerg0,DIHQG8dIl
578,Perri,Kelway,pkelwayg1@spotify.com,Female,pkelwayg1,8Ml3UiOK
579,Joaquin,Olver,jolverg2@hao123.com,Male,jolverg2,E0oF80OD3dYX
580,Xaviera,Beedham,xbeedhamg3@nasa.gov,Female,xbeedhamg3,ohqtrO7
581,Quint,Clint,qclintg4@fema.gov,Male,qclintg4,rv9p8L4TDOt
582,Tommi,Scard,tscardg5@google.pl,Female,tscardg5,lPHRYu1
583,Josh,Spellessy,jspellessyg6@surveymonkey.com,Male,jspellessyg6,mwzj3Lbzo
584,Aridatha,Karchewski,akarchewskig7@geocities.jp,Female,akarchewskig7,1hHolDF
585,Cherie,Pawlaczyk,cpawlaczykg8@upenn.edu,Female,cpawlaczykg8,79mtyw
586,Simeon,Creebo,screebog9@harvard.edu,Male,screebog9,k3gSSNt1ceUs
587,Egan,Briston,ebristonga@gov.uk,Male,ebristonga,ysu2cQQ
588,Ricard,Frantzeni,rfrantzenigb@prweb.com,Male,rfrantzenigb,HsAggl5FY
589,Sherlock,Feasby,sfeasbygc@wikimedia.org,Male,sfeasbygc,O1VbyTMbjpK
590,Arda,Tippett,atippettgd@about.com,Female,atippettgd,GzmxWx9W5h
591,Cal,Ridsdell,cridsdellge@etsy.com,Female,cridsdellge,9Y5I2jtNp2IF
592,Luke,Fosberry,lfosberrygf@psu.edu,Male,lfosberrygf,8xFaZYf
593,Filippo,Mandifield,fmandifieldgg@zdnet.com,Male,fmandifieldgg,NxuhToqcDQYa
594,Kally,Yashunin,kyashuningh@google.ca,Female,kyashuningh,wDyIy1p3JOI
595,Piotr,Benge,pbengegi@skype.com,Male,pbengegi,RLM9P3Ot
596,Malia,Bygrave,mbygravegj@fda.gov,Female,mbygravegj,DVNIzHAp
597,Bunny,Offord,boffordgk@wordpress.org,Female,boffordgk,0m7pEgRwRD
598,Alyss,Gerwood,agerwoodgl@163.com,Female,agerwoodgl,Bb24gK4RIJjK
599,Fin,Ruger,frugergm@kickstarter.com,Male,frugergm,rYFHMXf5oB2
600,Clarance,Sustin,csustingn@alexa.com,Male,csustingn,DyZ6l1OT7Ddu
601,Allyson,Northway,anorthwaygo@wired.com,Female,anorthwaygo,VQ30UDF
602,Merlina,Cokly,mcoklygp@discovery.com,Female,mcoklygp,tHeGQ0x
603,Pietrek,Barbery,pbarberygq@123-reg.co.uk,Male,pbarberygq,zeVhpE04f
604,Marna,Pedden,mpeddengr@joomla.org,Female,mpeddengr,FAKNtsJpM
605,Hartley,Vankin,hvankings@ucoz.com,Male,hvankings,Z9yMRu2MPfN
606,Elyssa,Linnett,elinnettgt@linkedin.com,Female,elinnettgt,xzYCJ034Gm
607,Ramsey,MacCarter,rmaccartergu@ifeng.com,Male,rmaccartergu,cUxxCgzih
608,Erie,Habergham,ehaberghamgv@mozilla.org,Male,ehaberghamgv,7SBPy1PDA
609,Yoshiko,Corselles,ycorsellesgw@yahoo.co.jp,Female,ycorsellesgw,wRwbN5MTOdd
610,Chloris,Farncomb,cfarncombgx@irs.gov,Female,cfarncombgx,xZD5c1
611,Salomon,Iwaszkiewicz,siwaszkiewiczgy@shop-pro.jp,Male,siwaszkiewiczgy,7Nrn8QM2nhR
612,Jessalin,Simenel,jsimenelgz@cmu.edu,Female,jsimenelgz,r4y1AwI
613,Marian,Howie,mhowieh0@edublogs.org,Female,mhowieh0,KCoqzfF
614,Aurora,Cragell,acragellh1@bloglines.com,Female,acragellh1,xvAxZHriZqX
615,Idaline,Inston,iinstonh2@java.com,Female,iinstonh2,hZ1S8dxe
616,Noni,Steddall,nsteddallh3@mayoclinic.com,Female,nsteddallh3,ZOynm1f6ImTd
617,Legra,Besse,lbesseh4@gravatar.com,Female,lbesseh4,oufUTN372YN
618,Jessy,Diben,jdibenh5@csmonitor.com,Female,jdibenh5,PIyOPzpYRYL
619,Lanie,Varvell,lvarvellh6@canalblog.com,Male,lvarvellh6,uADXsnbm
620,Imelda,Natt,inatth7@wp.com,Female,inatth7,PurFA1V8H4QE
621,Bart,Greser,bgreserh8@va.gov,Male,bgreserh8,FvPe0ONt3
622,Nert,Pleasance,npleasanceh9@mozilla.com,Female,npleasanceh9,fq2yHbHroca
623,Hervey,Kanwell,hkanwellha@multiply.com,Male,hkanwellha,BHq4D0VsXIH6
624,Charlene,MacCarlich,cmaccarlichhb@wordpress.com,Female,cmaccarlichhb,VItpEu0GeD
625,Janaya,Popley,jpopleyhc@jimdo.com,Female,jpopleyhc,zOvPOdjZiUx
626,Zachary,Mellonby,zmellonbyhd@patch.com,Male,zmellonbyhd,qYTBu6
627,Hamel,Jelley,hjelleyhe@omniture.com,Male,hjelleyhe,0yzJG3
628,Curcio,Kenrick,ckenrickhf@webnode.com,Male,ckenrickhf,xLBswECcfQjX
629,Collete,Rouby,croubyhg@salon.com,Female,croubyhg,bV70BXkHJ7
630,Allie,Kemmer,akemmerhh@posterous.com,Female,akemmerhh,lEoxKHIt
631,Elsie,Mingame,emingamehi@merriam-webster.com,Female,emingamehi,9XxgxXRL
632,Lurleen,Aldhous,laldhoushj@jimdo.com,Female,laldhoushj,vLejMkD
633,Joel,Filyashin,jfilyashinhk@google.de,Male,jfilyashinhk,BsfoUfoW
634,Lorry,Salvatore,lsalvatorehl@wsj.com,Male,lsalvatorehl,Yqiuc9
635,Windham,Tunnicliff,wtunnicliffhm@tripadvisor.com,Male,wtunnicliffhm,QEKS5z
636,Nicko,Duffett,nduffetthn@umich.edu,Male,nduffetthn,1mNDKEW5
637,Sabine,Fryers,sfryersho@cornell.edu,Female,sfryersho,VNCQ4qZw
638,Cathie,Missington,cmissingtonhp@infoseek.co.jp,Female,cmissingtonhp,5dAYlS5s2hDg
639,Jephthah,Giovannardi,jgiovannardihq@japanpost.jp,Male,jgiovannardihq,jaW3lJ
640,Shurlocke,Edgley,sedgleyhr@soup.io,Male,sedgleyhr,ooZUeAzpP
641,Faustine,Harlin,fharlinhs@creativecommons.org,Female,fharlinhs,NLZjtHdmZ
642,Dona,Yitshak,dyitshakht@va.gov,Female,dyitshakht,6oGUnfi3
643,Jorey,Jobern,jjobernhu@networksolutions.com,Female,jjobernhu,lRFRVy
644,Kelvin,Oxshott,koxshotthv@nifty.com,Male,koxshotthv,q4WxcAb
645,Georgianne,Petran,gpetranhw@hugedomains.com,Female,gpetranhw,UjhqJYYCY
646,Yance,Brimilcome,ybrimilcomehx@seesaa.net,Male,ybrimilcomehx,tg8mi7mtCF8
647,Nye,Clemens,nclemenshy@google.co.jp,Male,nclemenshy,1bRtwfFxvdfQ
648,Paula,Copins,pcopinshz@businessweek.com,Female,pcopinshz,qqsRzio0
649,Lenore,Dorrington,ldorringtoni0@yandex.ru,Female,ldorringtoni0,rdfB8HaHmPT
650,Ophelie,Dimitrijevic,odimitrijevici1@wikipedia.org,Female,odimitrijevici1,nv7IZ1rnpv3P
651,Dominick,O'Logan,dologani2@reddit.com,Male,dologani2,wBuHqsQSvr47
652,Keri,Rodge,krodgei3@dagondesign.com,Female,krodgei3,hi77pts
653,Bronnie,Sedgeworth,bsedgeworthi4@slate.com,Male,bsedgeworthi4,FgjkPa
654,Kim,Borham,kborhami5@arizona.edu,Male,kborhami5,jJzVdPi1
655,Galina,Grant,ggranti6@mapquest.com,Female,ggranti6,lUKWsqhjL0
656,Chrystel,Oggers,coggersi7@example.com,Female,coggersi7,8Hrzmf
657,Quinton,Belly,qbellyi8@mtv.com,Male,qbellyi8,RGt7VjolU0B
658,Malia,Nesbitt,mnesbitti9@issuu.com,Female,mnesbitti9,0yTtMb1RidF
659,Jenine,Goodwill,jgoodwillia@timesonline.co.uk,Female,jgoodwillia,3UZgLlC
660,Mason,Davie,mdavieib@godaddy.com,Male,mdavieib,kw6lotT0Zo
661,Brigida,Bransgrove,bbransgroveic@meetup.com,Female,bbransgroveic,lSmflG46lVy
662,Hollie,Clerke,hclerkeid@google.com,Female,hclerkeid,4k7Exkkb
663,Paola,Josilevich,pjosilevichie@vk.com,Female,pjosilevichie,YxjAcYW
664,Gunter,Jerram,gjerramif@tripadvisor.com,Male,gjerramif,KpWZZghKbY
665,Datha,Garret,dgarretig@squarespace.com,Female,dgarretig,r9nJZaB
666,Alphonso,Wiffield,awiffieldih@prnewswire.com,Male,awiffieldih,bVY73vix4i5A
667,Sebastian,Lester,slesterii@live.com,Male,slesterii,501CfQHCQYM9
668,Gwyn,Leere,gleereij@un.org,Female,gleereij,b0u9Ot
669,Holt,Colgrave,hcolgraveik@usatoday.com,Male,hcolgraveik,HaZXRQrv
670,Kass,McCurt,kmccurtil@pcworld.com,Female,kmccurtil,axeH3TP
671,Cathi,Pottinger,cpottingerim@admin.ch,Female,cpottingerim,wgK7gxx
672,Ber,Turvie,bturviein@squarespace.com,Male,bturviein,EnOJM1
673,Loren,O'Drought,lodroughtio@fema.gov,Male,lodroughtio,bVIOCtlbeNjR
674,Boonie,Grocott,bgrocottip@pbs.org,Male,bgrocottip,swrVHI6jCGrA
675,Timothea,Filde,tfildeiq@sourceforge.net,Female,tfildeiq,82Yavu4
676,Dickie,Phillott,dphillottir@reverbnation.com,Male,dphillottir,38z4rebasU
677,Saunders,Klejna,sklejnais@google.it,Male,sklejnais,GNlYczTb
678,Zara,Mogg,zmoggit@huffingtonpost.com,Female,zmoggit,Ytb9i1bj
679,Arv,Stirley,astirleyiu@fc2.com,Male,astirleyiu,epflxMG000
680,Silva,Pleaden,spleadeniv@clickbank.net,Female,spleadeniv,lGxkBtdr
681,Nixie,Quadling,nquadlingiw@ibm.com,Female,nquadlingiw,XwWvcRULENoR
682,Betsey,O'Hanley,bohanleyix@dyndns.org,Female,bohanleyix,idU3Sh8
683,Bethena,Grumley,bgrumleyiy@businesswire.com,Female,bgrumleyiy,kjDl10XnswS
684,Amalita,Sprionghall,asprionghalliz@mit.edu,Female,asprionghalliz,JdJXhLG
685,Charita,Kulic,ckulicj0@howstuffworks.com,Female,ckulicj0,rc8bYY2oxwVh
686,Sloane,Halburton,shalburtonj1@dmoz.org,Male,shalburtonj1,LA9rjlHo9E7N
687,Johnath,Attew,jattewj2@independent.co.uk,Female,jattewj2,Pa1emKd
688,Cary,Clohessy,cclohessyj3@vimeo.com,Male,cclohessyj3,PIcJeaHxJ
689,Marietta,Millett,mmillettj4@netvibes.com,Male,mmillettj4,FVsdHjA
690,Dewitt,Franzman,dfranzmanj5@mysql.com,Male,dfranzmanj5,2t6kFV0jr
691,Jenifer,Dionsetti,jdionsettij6@privacy.gov.au,Female,jdionsettij6,rFvDheMK
692,Christophorus,Farrance,cfarrancej7@epa.gov,Male,cfarrancej7,Iuf3EBtU
693,Elias,Heliar,eheliarj8@seesaa.net,Male,eheliarj8,iBXMl5swHG
694,Britte,Beverstock,bbeverstockj9@ovh.net,Female,bbeverstockj9,UTB6pM
695,Brendon,Waite,bwaiteja@si.edu,Male,bwaiteja,2qv4bhMbezi
696,Brigit,Fosten,bfostenjb@cargocollective.com,Female,bfostenjb,gHXxDaltm
697,Flossi,Youde,fyoudejc@sohu.com,Female,fyoudejc,Bz5AeCBbAu
698,Millicent,Ashtonhurst,mashtonhurstjd@sfgate.com,Female,mashtonhurstjd,vr9gPme
699,Bevon,Crosson,bcrossonje@people.com.cn,Male,bcrossonje,D5JGoCiq
700,Evania,Storcke,estorckejf@sohu.com,Female,estorckejf,u2HRew
701,Karola,Silkstone,ksilkstonejg@cdbaby.com,Female,ksilkstonejg,8W6zPn
702,Allister,Bloom,abloomjh@amazon.co.uk,Male,abloomjh,NwcFIdzhdI
703,Rina,Knappe,rknappeji@nba.com,Female,rknappeji,MKZpixZH
704,Amandi,Olech,aolechjj@bbb.org,Female,aolechjj,g9idkjT4fgS
705,Rozanna,Bigg,rbiggjk@delicious.com,Female,rbiggjk,LwSDlaupoN
706,Cheryl,De'Ath,cdeathjl@constantcontact.com,Female,cdeathjl,hBMddVl5S
707,Erma,Shucksmith,eshucksmithjm@disqus.com,Female,eshucksmithjm,AMmRSFPvV
708,Lynn,Follows,lfollowsjn@loc.gov,Female,lfollowsjn,lOgFmb7f0
709,Stephanus,Kimbrey,skimbreyjo@scribd.com,Male,skimbreyjo,WxUgX5jCGC
710,Tobey,Johansson,tjohanssonjp@lulu.com,Female,tjohanssonjp,g1PWQBwbfWkU
711,Gav,Hacon,ghaconjq@goodreads.com,Male,ghaconjq,detARLpTzd
712,Harrie,Pinnigar,hpinnigarjr@symantec.com,Female,hpinnigarjr,GS992oN5QXE
713,Siusan,Ebhardt,sebhardtjs@stumbleupon.com,Female,sebhardtjs,wlWDEkKphWf
714,Dicky,Gulleford,dgullefordjt@posterous.com,Male,dgullefordjt,I5rRNMRM
715,Petr,Humby,phumbyju@huffingtonpost.com,Male,phumbyju,PypP7mHt
716,Donal,Arnall,darnalljv@adobe.com,Male,darnalljv,pgiZRR4Evma
717,Patsy,Platt,pplattjw@sourceforge.net,Male,pplattjw,PrPiZKvO
718,Eli,Daen,edaenjx@jalbum.net,Male,edaenjx,VkJgRKDrI4
719,Patti,Sunock,psunockjy@businessweek.com,Female,psunockjy,4D8wA07diHs
720,Wash,Aireton,wairetonjz@noaa.gov,Male,wairetonjz,gd5GenhP1
721,Gregory,New,gnewk0@addthis.com,Male,gnewk0,LDCBSb
722,Alicea,Mewhirter,amewhirterk1@wordpress.com,Female,amewhirterk1,iEfZ6pRTnAi
723,Nils,Ziemens,nziemensk2@privacy.gov.au,Male,nziemensk2,zJoovCvKqFW1
724,Jarrid,Ambrogini,jambroginik3@imdb.com,Male,jambroginik3,zkS3VSe
725,Todd,Colchett,tcolchettk4@ustream.tv,Male,tcolchettk4,dzAolZl
726,Vassily,Kenwin,vkenwink5@jiathis.com,Male,vkenwink5,XUOT0kfwwMDn
727,Hildy,Hawken,hhawkenk6@va.gov,Female,hhawkenk6,Ze1PyVcoF
728,Biddy,Hartridge,bhartridgek7@google.com.au,Female,bhartridgek7,beOKru5
729,Romain,McLardie,rmclardiek8@soundcloud.com,Male,rmclardiek8,BA3UZxPs
730,Giles,Azam,gazamk9@prnewswire.com,Male,gazamk9,it9Gv0
731,Bowie,De Bruin,bdebruinka@apache.org,Male,bdebruinka,gcjztUCiK
732,Olivero,De Filippo,odefilippokb@nasa.gov,Male,odefilippokb,2UetQCqph
733,Valencia,Mockes,vmockeskc@marketwatch.com,Female,vmockeskc,4bewmi
734,Der,Durak,ddurakkd@com.com,Male,ddurakkd,CstX3z2
735,Nike,Ambridge,nambridgeke@unblog.fr,Female,nambridgeke,SMNJvtVpS
736,Darrel,Drewson,ddrewsonkf@mysql.com,Male,ddrewsonkf,cZRpBqeS
737,Lammond,Sousa,lsousakg@nih.gov,Male,lsousakg,dL9zhQPOi
738,Pattie,Tincey,ptinceykh@nih.gov,Male,ptinceykh,vnEZCSj
739,Lorna,Omond,lomondki@guardian.co.uk,Female,lomondki,GuU6AJE3p
740,Helga,Maving,hmavingkj@sciencedaily.com,Female,hmavingkj,Hnv0lG9li5
741,Ashley,Rasor,arasorkk@w3.org,Female,arasorkk,wavr0Q9cCK3p
742,Jordana,Barry,jbarrykl@cnet.com,Female,jbarrykl,JMzDMZe
743,Babita,Pigney,bpigneykm@foxnews.com,Female,bpigneykm,cQQpIEXgn1
744,Orion,Leman,olemankn@amazonaws.com,Male,olemankn,z2IvHC8OK
745,Caz,Iacoboni,ciacoboniko@wired.com,Male,ciacoboniko,tdBPhfebe
746,Timmi,O'Finan,tofinankp@google.fr,Female,tofinankp,kS6uKGj
747,Powell,Cushion,pcushionkq@nytimes.com,Male,pcushionkq,MDoePbzpn3De
748,Orren,Whilder,owhilderkr@imdb.com,Male,owhilderkr,t2ArjCQ4Vi0m
749,Carmela,Lukianov,clukianovks@house.gov,Female,clukianovks,7AwwJ8
750,Pepe,Gerdes,pgerdeskt@reuters.com,Male,pgerdeskt,lrDSKsoMFfP5
751,Rolland,Illiston,rillistonku@biglobe.ne.jp,Male,rillistonku,5FaU5A
752,Ekaterina,Ragdale,eragdalekv@europa.eu,Female,eragdalekv,PZ7i6AUz
753,Bevan,Royse,broysekw@nps.gov,Male,broysekw,3ab1Eb
754,Karee,Shewon,kshewonkx@e-recht24.de,Female,kshewonkx,HXNs0LQx7L3y
755,Margeaux,Rakestraw,mrakestrawky@github.com,Female,mrakestrawky,JCAz3eb
756,Lalo,Josilowski,ljosilowskikz@github.io,Male,ljosilowskikz,TSwxTQ5
757,Ambrosius,Date,adatel0@lycos.com,Male,adatel0,MDFsntU
758,Allyn,Gilhouley,agilhouleyl1@reference.com,Male,agilhouleyl1,y0t6iIQxDv
759,Briana,Gurnell,bgurnelll2@apache.org,Female,bgurnelll2,j4gjcqTgTO
760,Gerri,Darville,gdarvillel3@dailymail.co.uk,Male,gdarvillel3,seX6UvE0vlb
761,Evania,Fraschini,efraschinil4@t-online.de,Female,efraschinil4,igLOZakARBz
762,Dyana,Pattinson,dpattinsonl5@meetup.com,Female,dpattinsonl5,ecjFJWcU
763,Ileana,Justham,ijusthaml6@dyndns.org,Female,ijusthaml6,o5IHX6VEp
764,Tymon,Matt,tmattl7@skyrock.com,Male,tmattl7,7ZrOuo
765,Claybourne,Ruppeli,cruppelil8@devhub.com,Male,cruppelil8,HMsgknrl1
766,Giacobo,Mashal,gmashall9@163.com,Male,gmashall9,pyV5d1EQ
767,Miller,Kaindl,mkaindlla@pcworld.com,Male,mkaindlla,365EosR
768,Brigitte,Highton,bhightonlb@symantec.com,Female,bhightonlb,FKrbZk
769,Twyla,Crees,tcreeslc@unesco.org,Female,tcreeslc,XJmiTME6
770,Catlaina,Monketon,cmonketonld@over-blog.com,Female,cmonketonld,on0ZGnW
771,Maggee,Maffi,mmaffile@rediff.com,Female,mmaffile,268QfuWlYq
772,Janie,Angerstein,jangersteinlf@wiley.com,Female,jangersteinlf,YSrfHGg9OQ
773,Etti,Whittam,ewhittamlg@telegraph.co.uk,Female,ewhittamlg,1qkKhHKYqSM
774,Martino,Doerffer,mdoerfferlh@seattletimes.com,Male,mdoerfferlh,oQjCe4L
775,Crista,Labbey,clabbeyli@senate.gov,Female,clabbeyli,rGPM3Pp
776,Cary,Bernollet,cbernolletlj@ezinearticles.com,Male,cbernolletlj,zEiuRevH
777,Silvano,Tichner,stichnerlk@google.ru,Male,stichnerlk,AQNjMyW15LOB
778,Garnette,Carrivick,gcarrivickll@jiathis.com,Female,gcarrivickll,ARwDFMZKI8
779,Amy,Asbrey,aasbreylm@newsvine.com,Female,aasbreylm,Kv0Z1X24Qi05
780,Bryce,Siccombe,bsiccombeln@yale.edu,Male,bsiccombeln,KGnQfJZ
781,Sheeree,Rickarsey,srickarseylo@yellowpages.com,Female,srickarseylo,6JFGXcjDPM
782,Durand,Moses,dmoseslp@senate.gov,Male,dmoseslp,OA7lzcRIu
783,Robbie,Lillo,rlillolq@amazon.de,Male,rlillolq,2YSm82osZF
784,Wilt,Hutton,whuttonlr@tumblr.com,Male,whuttonlr,KFZo1nRtT
785,Bryan,Bernardoni,bbernardonils@soundcloud.com,Male,bbernardonils,hhfPI4z1Cly
786,Jan,Sedgemond,jsedgemondlt@topsy.com,Female,jsedgemondlt,Bs0457w9WV
787,Trixi,Rugg,trugglu@ow.ly,Female,trugglu,0LAzq2GcW
788,Isobel,Charke,icharkelv@miitbeian.gov.cn,Female,icharkelv,6ZXQprKStZSI
789,Inglis,McCook,imccooklw@who.int,Male,imccooklw,uwY6COgf2N
790,Henrietta,Benitez,hbenitezlx@tumblr.com,Female,hbenitezlx,wG9tWI3Ie
791,Timoteo,Bockmaster,tbockmasterly@mozilla.org,Male,tbockmasterly,7wdFyM
792,Linnea,Agronski,lagronskilz@ustream.tv,Female,lagronskilz,VI2TzBfg
793,Riobard,McQuode,rmcquodem0@nbcnews.com,Male,rmcquodem0,fDzfa2MahFl
794,Myron,Maccaddie,mmaccaddiem1@icio.us,Male,mmaccaddiem1,98GfL7F2NE5x
795,Cami,Gavriel,cgavrielm2@is.gd,Female,cgavrielm2,vYljmyU9YHC
796,Ewart,Searles,esearlesm3@utexas.edu,Male,esearlesm3,cN6X9QiZ
797,Yolane,Borkin,yborkinm4@ucsd.edu,Female,yborkinm4,ABYbQfeLJUC
798,Jenny,Ghidetti,jghidettim5@devhub.com,Female,jghidettim5,oKsR8uY
799,Cameron,Mercik,cmercikm6@bluehost.com,Male,cmercikm6,bfCnmA1MCjle
800,Hal,Mottini,hmottinim7@springer.com,Male,hmottinim7,bizTyeQ
801,Esme,Fargher,efargherm8@archive.org,Female,efargherm8,LLtant2ot
802,Kingsly,Ronisch,kronischm9@wufoo.com,Male,kronischm9,aF9C8P
803,Andee,Woolatt,awoolattma@dropbox.com,Female,awoolattma,psPP4i
804,Brodie,Spinas,bspinasmb@netscape.com,Male,bspinasmb,xRecFttUkp
805,Julio,Agnolo,jagnolomc@google.com.au,Male,jagnolomc,VtUwSzNPI
806,Ebony,Symcox,esymcoxmd@hexun.com,Female,esymcoxmd,OkMaM0rMX
807,Gage,Gandar,ggandarme@go.com,Male,ggandarme,Laq9rhvEF
808,Antony,Mussen,amussenmf@cornell.edu,Male,amussenmf,pHJBMXcfBX
809,Mariya,Smiths,msmithsmg@webmd.com,Female,msmithsmg,14krJ43FqlSD
810,Shamus,Edgerton,sedgertonmh@ucoz.com,Male,sedgertonmh,2wa8My
811,Jayme,Crimes,jcrimesmi@posterous.com,Male,jcrimesmi,MQbUVNDsm6g
812,Maurise,Hanfrey,mhanfreymj@cyberchimps.com,Male,mhanfreymj,KDCesIYKlNfe
813,Abran,Simms,asimmsmk@archive.org,Male,asimmsmk,ZAmc1t7GM
814,Merwin,Shorter,mshorterml@cnet.com,Male,mshorterml,OkPVve9qbmBb
815,Ermina,Sugars,esugarsmm@sitemeter.com,Female,esugarsmm,i9A3TRn
816,Turner,Sherwell,tsherwellmn@ebay.co.uk,Male,tsherwellmn,h3h5kYt
817,Burton,Deverall,bdeverallmo@ftc.gov,Male,bdeverallmo,QMSER2gO
818,Kalle,Garoghan,kgaroghanmp@issuu.com,Male,kgaroghanmp,qD2JlFMm
819,Fields,Klaesson,fklaessonmq@clickbank.net,Male,fklaessonmq,U19TuC
820,Brendin,Brezlaw,bbrezlawmr@yolasite.com,Male,bbrezlawmr,PAZfY7
821,Laurens,Diamond,ldiamondms@unicef.org,Male,ldiamondms,55M1cjcq
822,Mindy,Rau,mraumt@ebay.co.uk,Female,mraumt,LrEePx6tE
823,Newton,Scarffe,nscarffemu@uiuc.edu,Male,nscarffemu,9uR6nur
824,Darla,Miskimmon,dmiskimmonmv@1und1.de,Female,dmiskimmonmv,Od3sTUa1IYr
825,Cayla,Compton,ccomptonmw@creativecommons.org,Female,ccomptonmw,wvEHgZrax5
826,Clarisse,Bernt,cberntmx@so-net.ne.jp,Female,cberntmx,tV3QM2
827,Bart,Boissier,bboissiermy@google.pl,Male,bboissiermy,qXuRzXrKMQ
828,Terza,Lankham,tlankhammz@phpbb.com,Female,tlankhammz,Xgm4pK4
829,Karie,Foakes,kfoakesn0@house.gov,Female,kfoakesn0,Zm0UYu5J5I
830,Sheba,Holtham,sholthamn1@dyndns.org,Female,sholthamn1,OtQGuV6HwO
831,Lisle,Verring,lverringn2@g.co,Male,lverringn2,FQdZYRd
832,Andris,Cossum,acossumn3@dot.gov,Male,acossumn3,qyYiq0o
833,Crystie,Tolumello,ctolumellon4@123-reg.co.uk,Female,ctolumellon4,9FnLyaAIw
834,Ramsay,Kensington,rkensingtonn5@blinklist.com,Male,rkensingtonn5,lc6psH0Y
835,Joscelin,Courtman,jcourtmann6@reference.com,Female,jcourtmann6,jE7R6Yw
836,Daniele,Tetther,dtetthern7@bizjournals.com,Female,dtetthern7,AvsxbxHd
837,Pavel,Cleeton,pcleetonn8@wordpress.com,Male,pcleetonn8,JsScgzpXz
838,Ellen,Soall,esoalln9@phpbb.com,Female,esoalln9,O9UoBu
839,Dunc,Quinsee,dquinseena@twitter.com,Male,dquinseena,0Re9Ft
840,Natty,Gulley,ngulleynb@livejournal.com,Male,ngulleynb,PDjzkP4E
841,Marleen,Rathjen,mrathjennc@angelfire.com,Female,mrathjennc,1pxTsvc
842,Franny,Haggerstone,fhaggerstonend@globo.com,Female,fhaggerstonend,prK6cUbNRnzV
843,Jacobo,Noye,jnoyene@bandcamp.com,Male,jnoyene,PL9Je1uP
844,Winn,Witz,wwitznf@ebay.co.uk,Male,wwitznf,3eTg9Zp
845,Ellsworth,Eyeington,eeyeingtonng@netvibes.com,Male,eeyeingtonng,Udykt9
846,Jeno,Bazylets,jbazyletsnh@sohu.com,Male,jbazyletsnh,14L7waNLkRf
847,Brennen,Earie,bearieni@zimbio.com,Male,bearieni,y5ZpCQI1njik
848,Matthew,Bumpas,mbumpasnj@sciencedirect.com,Male,mbumpasnj,IbCdd5PpdxJh
849,Sollie,Treweek,streweeknk@gnu.org,Male,streweeknk,mnZFXfGiVK4
850,Adamo,Millican,amillicannl@msn.com,Male,amillicannl,4ifyxHlyG
851,Maude,Armand,marmandnm@admin.ch,Female,marmandnm,iM1UH7nRmGJ
852,Jenine,Shutler,jshutlernn@cnet.com,Female,jshutlernn,fS4sqkx2F1
853,Ardelle,Lethebridge,alethebridgeno@123-reg.co.uk,Female,alethebridgeno,LuysNNQnw6
854,Othello,Laird-Craig,olairdcraignp@google.it,Male,olairdcraignp,cfTQ6xw1u
855,Garry,Casaletto,gcasalettonq@alexa.com,Male,gcasalettonq,u5JcQDp9YF
856,Arlette,Florez,afloreznr@constantcontact.com,Female,afloreznr,qWuXovU9bH7
857,Jameson,Cornehl,jcornehlns@ihg.com,Male,jcornehlns,99EwNzRkR
858,Bruce,Fairfoot,bfairfootnt@xrea.com,Male,bfairfootnt,5lZYJWPx
859,Gayle,Golder,ggoldernu@biblegateway.com,Male,ggoldernu,mkAzZg8oBmu
860,Curry,Moverley,cmoverleynv@ezinearticles.com,Male,cmoverleynv,9IJmT9GMP
861,Benedick,Olivari,bolivarinw@tiny.cc,Male,bolivarinw,QqX65H5ILUp
862,Pooh,Henricsson,phenricssonnx@globo.com,Male,phenricssonnx,YXBlN7sb2LSE
863,Gilberta,Buxcey,gbuxceyny@123-reg.co.uk,Female,gbuxceyny,yT8jcIIHw
864,Blake,Wollacott,bwollacottnz@so-net.ne.jp,Male,bwollacottnz,eBBwrc
865,Sammie,Dolton,sdoltono0@java.com,Male,sdoltono0,T5V4Q4O
866,Xaviera,Bugden,xbugdeno1@hexun.com,Female,xbugdeno1,vBA2KlJbPWy
867,Dick,Tembey,dtembeyo2@state.gov,Male,dtembeyo2,V6lruzBcfSc
868,Maritsa,Bladge,mbladgeo3@sfgate.com,Female,mbladgeo3,m6Vclag2
869,Kirk,Lohrensen,klohrenseno4@constantcontact.com,Male,klohrenseno4,hcLOgIJIFd
870,Isidora,Haeslier,ihaesliero5@businesswire.com,Female,ihaesliero5,4rMlZxJ
871,Idalia,Conlon,iconlono6@prlog.org,Female,iconlono6,3zxQPQ15mMTT
872,Mirelle,Beville,mbevilleo7@live.com,Female,mbevilleo7,nyY6FD7E
873,Sissy,Storks,sstorkso8@google.cn,Female,sstorkso8,SW2ZAz
874,Marven,Kemell,mkemello9@nymag.com,Male,mkemello9,YuwX0YjsGE
875,Mavis,Cromack,mcromackoa@oakley.com,Female,mcromackoa,xt0mBYOVbgl7
876,Zachery,Purrier,zpurrierob@example.com,Male,zpurrierob,2dE2h99t6tP
877,Myron,Morrell,mmorrelloc@guardian.co.uk,Male,mmorrelloc,9VTOvx8
878,Jeffrey,Kidde,jkiddeod@wp.com,Male,jkiddeod,uW5Evk
879,Willetta,Corns,wcornsoe@shinystat.com,Female,wcornsoe,5nILKYUFfJj0
880,Willy,Awin,wawinof@loc.gov,Male,wawinof,PZbhBT
881,Emilee,Magill,emagillog@sogou.com,Female,emagillog,QXTlqndHKA
882,Gregor,Awde,gawdeoh@altervista.org,Male,gawdeoh,d2ihPA0WQi
883,Antonina,Glendzer,aglendzeroi@aol.com,Female,aglendzeroi,jIXZGP
884,Antone,Magner,amagneroj@mashable.com,Male,amagneroj,8nhIOR5ld8
885,Vanda,Rosingdall,vrosingdallok@51.la,Female,vrosingdallok,2JH5zMhJUB
886,Giustina,Stabler,gstablerol@theglobeandmail.com,Female,gstablerol,KPTM7r
887,Nicholas,Andreacci,nandreacciom@wisc.edu,Male,nandreacciom,gz73q9
888,Jojo,Stringfellow,jstringfellowon@latimes.com,Female,jstringfellowon,F3xE4IaovIY
889,Phoebe,Adanez,padanezoo@shutterfly.com,Female,padanezoo,nbeIjb6
890,Timoteo,Oxborrow,toxborrowop@zimbio.com,Male,toxborrowop,OYg9epyE
891,Erda,Olanda,eolandaoq@sina.com.cn,Female,eolandaoq,01eetQdj
892,Vere,Toone,vtooneor@seattletimes.com,Female,vtooneor,cE86VGc4oc
893,Clerc,Wilmot,cwilmotos@miibeian.gov.cn,Male,cwilmotos,SuRPmY1EbH7U
894,Gib,Eles,gelesot@arstechnica.com,Male,gelesot,ptq5VNL
895,Floria,Cattenach,fcattenachou@google.es,Female,fcattenachou,buLQNH5niC
896,Trumann,Burkin,tburkinov@forbes.com,Male,tburkinov,DPXCkb0CCk
897,Tammara,Turfes,tturfesow@va.gov,Female,tturfesow,d01DyuVgr
898,Ingrim,Colqueran,icolqueranox@alexa.com,Male,icolqueranox,UWaEMq52
899,Seana,Whitta,swhittaoy@house.gov,Female,swhittaoy,L5Kvrz
900,Ruben,Wulfinger,rwulfingeroz@cargocollective.com,Male,rwulfingeroz,W6RkLwbjA
901,Reggie,Cargen,rcargenp0@360.cn,Male,rcargenp0,WMIFTiEX9
902,Elicia,Amberg,eambergp1@feedburner.com,Female,eambergp1,WFvzZrBL
903,Free,Schall,fschallp2@goodreads.com,Male,fschallp2,3PLXVZJW3
904,Riannon,Letham,rlethamp3@mapy.cz,Female,rlethamp3,hMEZYorcm2
905,Erminia,Gourlay,egourlayp4@trellian.com,Female,egourlayp4,8wzx5B
906,Brannon,Leupold,bleupoldp5@mediafire.com,Male,bleupoldp5,1Ll2H6cEIhXt
907,Barb,Goode,bgoodep6@geocities.jp,Female,bgoodep6,0c4PncR8cE
908,Ignacius,Binnie,ibinniep7@time.com,Male,ibinniep7,4DVESyyt
909,Steven,Fullard,sfullardp8@twitter.com,Male,sfullardp8,QsawO8
910,Lavena,Worviell,lworviellp9@pagesperso-orange.fr,Female,lworviellp9,3peiMJeZ
911,Harley,Blastock,hblastockpa@i2i.jp,Female,hblastockpa,H5G5kVKJpk
912,Humbert,Joslyn,hjoslynpb@topsy.com,Male,hjoslynpb,yq7WIOLdJt
913,Binny,De Lascy,bdelascypc@canalblog.com,Female,bdelascypc,GrDqlF4YG
914,Benson,Andriulis,bandriulispd@canalblog.com,Male,bandriulispd,RfDeKS
915,Nahum,Nolte,nnoltepe@exblog.jp,Male,nnoltepe,ZsDIjA
916,Natty,Gorry,ngorrypf@hatena.ne.jp,Male,ngorrypf,QMF7rTi7WlDC
917,Harlen,MacDermand,hmacdermandpg@quantcast.com,Male,hmacdermandpg,yPvUXokq
918,Leonard,Van Dalen,lvandalenph@usgs.gov,Male,lvandalenph,n3n7uQXnPo49
919,Osmund,Beevens,obeevenspi@de.vu,Male,obeevenspi,tOP9GuM
920,Alan,Hoodlass,ahoodlasspj@uol.com.br,Male,ahoodlasspj,89EQqRl8NR
921,Helene,Chaise,hchaisepk@livejournal.com,Female,hchaisepk,fNmPcj5x04t
922,Matt,Corhard,mcorhardpl@ycombinator.com,Male,mcorhardpl,fu2Z5IfDI
923,Genna,Duncklee,gdunckleepm@shareasale.com,Female,gdunckleepm,wxHJ2CE2bz
924,Margarette,Knightsbridge,mknightsbridgepn@usda.gov,Female,mknightsbridgepn,dG7Ndmp
925,Rhodia,Bonifant,rbonifantpo@washington.edu,Female,rbonifantpo,hk2hSKlyRfb
926,Porty,Cramp,pcramppp@sitemeter.com,Male,pcramppp,q1FXMFHQJm
927,Jorge,Taffurelli,jtaffurellipq@google.nl,Male,jtaffurellipq,SKluYu4D9
928,Artur,Bocke,abockepr@dyndns.org,Male,abockepr,bgeyD6
929,Noam,Croot,ncrootps@seattletimes.com,Male,ncrootps,f2SMh5pakaUb
930,Eugenia,Elliman,eellimanpt@wired.com,Female,eellimanpt,cINEDV0
931,Maddie,Mattheeuw,mmattheeuwpu@godaddy.com,Female,mmattheeuwpu,KgIpkrz
932,Jacob,Franciotti,jfranciottipv@free.fr,Male,jfranciottipv,wUiX0J
933,Maddie,Cattel,mcattelpw@symantec.com,Male,mcattelpw,7wZYrOykVt
934,Dunn,McGlaughn,dmcglaughnpx@un.org,Male,dmcglaughnpx,MRzBVQ4Kt
935,Tani,Bucky,tbuckypy@stanford.edu,Female,tbuckypy,7Xtuhcha
936,Julian,Chillingsworth,jchillingsworthpz@cafepress.com,Male,jchillingsworthpz,0680bN
937,Angeline,Verne,averneq0@netscape.com,Female,averneq0,RP5HtC
938,Herc,Phillip,hphillipq1@tripadvisor.com,Male,hphillipq1,cQvz3ev
939,Anet,Barrasse,abarrasseq2@globo.com,Female,abarrasseq2,TdLHJn
940,Erika,Standley,estandleyq3@youku.com,Female,estandleyq3,ibxmtcBdZHwY
941,Rollo,Lemonnier,rlemonnierq4@barnesandnoble.com,Male,rlemonnierq4,IsZBZa6M6
942,Malachi,Sommerled,msommerledq5@mediafire.com,Male,msommerledq5,PozarJ9RLV
943,Kareem,Groombridge,kgroombridgeq6@mozilla.com,Male,kgroombridgeq6,zsAgKK
944,Shelley,Currm,scurrmq7@ucoz.com,Female,scurrmq7,VWaPJJ67EW
945,Jareb,Letertre,jletertreq8@github.io,Male,jletertreq8,eGEcP7tOyiXN
946,Lyssa,McGroarty,lmcgroartyq9@xing.com,Female,lmcgroartyq9,Spswna
947,Alfie,Kirkhouse,akirkhouseqa@ustream.tv,Male,akirkhouseqa,6xwUywR0h
948,Anabella,Fakes,afakesqb@is.gd,Female,afakesqb,mCbmBfLRrB
949,Kory,Hubbert,khubbertqc@yellowpages.com,Male,khubbertqc,ZBbOElWkig
950,Bea,Heberden,bheberdenqd@usatoday.com,Female,bheberdenqd,hJgWjS
951,Brook,Hampshaw,bhampshawqe@edublogs.org,Female,bhampshawqe,VSfP75C0
952,Rafaela,Tullett,rtullettqf@elpais.com,Female,rtullettqf,qYnsLZxtRD5X
953,Dennie,Shurmer,dshurmerqg@nifty.com,Female,dshurmerqg,PJlt5dM
954,Martha,Parks,mparksqh@infoseek.co.jp,Female,mparksqh,jrUkfUqM98GL
955,Claresta,Loisi,cloisiqi@jigsy.com,Female,cloisiqi,BA8yCTQgJ4O
956,Augustus,Boich,aboichqj@tripod.com,Male,aboichqj,Vc0c8G
957,Reggy,Krollmann,rkrollmannqk@cbslocal.com,Male,rkrollmannqk,0ZOQETUZg
958,Salvador,Kunrad,skunradql@nyu.edu,Male,skunradql,nl45NHRDP1Nd
959,Hillel,Gurnell,hgurnellqm@techcrunch.com,Male,hgurnellqm,ElgFD16
960,Arlina,Goering,agoeringqn@mediafire.com,Female,agoeringqn,joFs8zH
961,Domingo,Sturgess,dsturgessqo@eventbrite.com,Male,dsturgessqo,nvBtKY5
962,Aimil,Menier,amenierqp@amazon.de,Female,amenierqp,2CPWP2Ofzt6J
963,Joel,Poser,jposerqq@nba.com,Male,jposerqq,vS8jYQHSR
964,Ugo,Paulillo,upaulilloqr@nsw.gov.au,Male,upaulilloqr,et2N4H
965,Egbert,Ewells,eewellsqs@quantcast.com,Male,eewellsqs,8HmR6RngDoCl
966,Wandie,Vigrass,wvigrassqt@nationalgeographic.com,Female,wvigrassqt,abOX9JV4JC
967,Saw,O'Malley,somalleyqu@jimdo.com,Male,somalleyqu,BPbARl
968,Borden,Travers,btraversqv@elpais.com,Male,btraversqv,thEmynSCGJ5
969,Edan,Clewarth,eclewarthqw@un.org,Male,eclewarthqw,Z9DYBjU1qG6n
970,Horatius,Broy,hbroyqx@examiner.com,Male,hbroyqx,YY5DAvuxc5g
971,Cinderella,Geldeard,cgeldeardqy@china.com.cn,Female,cgeldeardqy,9i1Qko0pHqr
972,Nathan,Livett,nlivettqz@ucoz.ru,Male,nlivettqz,iTBdBVKq
973,Hyacintha,Mecozzi,hmecozzir0@nhs.uk,Female,hmecozzir0,LIKJSGWgEu7
974,Truman,Taysbil,ttaysbilr1@free.fr,Male,ttaysbilr1,VAZWh4ochX3h
975,Archibald,Cousin,acousinr2@timesonline.co.uk,Male,acousinr2,VPyFfFq
976,Arabella,Coakley,acoakleyr3@harvard.edu,Female,acoakleyr3,bBdkMX3
977,Reagan,Pietrusiak,rpietrusiakr4@nba.com,Male,rpietrusiakr4,Gmze4ugiGt
978,Lenora,Fobidge,lfobidger5@people.com.cn,Female,lfobidger5,crSsha
979,Wallie,Olver,wolverr6@ed.gov,Male,wolverr6,HOfWqZzT3E
980,Ozzy,Paulton,opaultonr7@europa.eu,Male,opaultonr7,UhU5DDxTU
981,Dolley,Shoulder,dshoulderr8@technorati.com,Female,dshoulderr8,ZWkuVmDW
982,Georgetta,Hugill,ghugillr9@dion.ne.jp,Female,ghugillr9,EeTAmXmt
983,Bambie,Blackborow,bblackborowra@qq.com,Female,bblackborowra,G3peOlYcIpH
984,Jayme,Lampe,jlamperb@yelp.com,Male,jlamperb,0iBnaZ
985,Adriane,Gleave,agleaverc@hao123.com,Female,agleaverc,WmI8cTw
986,Marjie,Cassella,mcassellard@usa.gov,Female,mcassellard,2DFOdNW
987,Kelly,Stanyland,kstanylandre@uol.com.br,Female,kstanylandre,SYVa0l
988,Obediah,Twitching,otwitchingrf@hatena.ne.jp,Male,otwitchingrf,1SpHRgSnjJ
989,Elton,Rudiger,erudigerrg@kickstarter.com,Male,erudigerrg,D6P7oh9ctV
990,Esra,Furse,efurserh@miitbeian.gov.cn,Male,efurserh,5sgFwdY
991,Erna,Lemerle,elemerleri@imageshack.us,Female,elemerleri,qiVSme5WV9A
992,Joseito,Leathart,jleathartrj@omniture.com,Male,jleathartrj,p0n2NvNrZMW
993,Sidoney,Shopcott,sshopcottrk@sun.com,Female,sshopcottrk,GgSnqOE8
994,Johnathan,Currington,jcurringtonrl@paginegialle.it,Male,jcurringtonrl,sjb1zCqSDMd
995,Erika,Eagland,eeaglandrm@netlog.com,Female,eeaglandrm,G9l7HO0
996,Lexis,Purshouse,lpurshousern@cpanel.net,Female,lpurshousern,EYYTBzr
997,Wendie,McLucky,wmcluckyro@tiny.cc,Female,wmcluckyro,JF8WDa
998,Simone,Golsworthy,sgolsworthyrp@ifeng.com,Male,sgolsworthyrp,l51NfivaIKr
999,Claire,Augar,caugarrq@nymag.com,Male,caugarrq,D1nRMn
1000,Krysta,Byrcher,kbyrcherrr@vkontakte.ru,Female,kbyrcherrr,XaqaSx
